"Region","Species","Species.Qualified","Conservation.Unit","Current.Spawner.Abundance","Years","Years.of.Data","PSF.Status","PSF.Status.Type","percentile_status","percentile_red_prob","percentile_yellow_prob","percentile_green_prob","sr_status","sr_red_prob","sr_yellow_prob","sr_green_prob","WSP","WSP.Year","COSEWIC","COSEWIC.Year","Province","Province.Year","S25","S50","Sgen","Smsy"
"Central Coast","Chinook","CK","Docee","439","2008-2011",30,"data-deficient","absolute","poor","92.78","7.22","0"," "," "," "," "," "," "," "," "," "," ","469 (417 - 645)","1,436 (946 - 1,420)"," ",""
"Central Coast","Chinook","CK","Rivers Inlet","817","2013-2017",38,"data-deficient","absolute","fair","27.26","72.74","0","fair","7%","92.9%","0.1%"," "," "," "," "," "," ","726 (474 - 1,087)","2,369 (1,608 - 3,337)","480 (243 - 899)","1,250 (931 - 1,827)"
"Central Coast","Chinook","CK","Wannock","6,468","2013-2017",38,"data-deficient","sr","fair","0.04","99.94","0.02","good","0%","0%","100%"," "," "," "," "," "," ","5,535 (4,116 - 5,880)","8,078 (7,395 - 9,332)","791 (457 - 1,358)","3,755 (3,262 - 4,634)"
"Central Coast","Chinook","CK","Bella Coola-Bentinck","22,821","2013-2017",33,"data-deficient","sr","fair","0","59.58","40.42","good","0%","0%","100%"," "," "," "," "," "," ","14,425 (11,266 - 16,790)","25,000 (19,602 - 28,183)","3,052 (1,676 - 5,456)","11,973 (10,074 - 15,136)"
"Central Coast","Chinook","CK","Dean River","2,217","2013-2017",33,"data-deficient","sr","fair","0","99.74","0.26","good","0%","0%","100%"," "," "," "," "," "," ","1,300 (1,080 - 1,531)","3,300 (2,474 - 3,423)","279 (156 - 513)","1,204 (1,022 - 1,504)"
"Central Coast","Chinook","CK","North & Central Coast-Late","1,080","2017-2020",27,"poor","absolute","fair","0.04","99.96","0"," "," "," "," "," "," "," "," "," "," ","600 (287 - 800)","2,488 (1,583 - 2,924)"," ",""
"Central Coast","Chinook","CK","North & Central Coast-Early","891","2013-2017",33,"data-deficient","absolute","fair","0","97.14","2.86","good","0%","0%","100%"," "," "," "," "," "," ","602 (390 - 632)","967 (887 - 1,248)","116 (60 - 195)","488 (408 - 632)"
"Central Coast","Chum","CM","Smith Inlet","6,547","2018-2021",67,"poor","sr","poor","100","0","0","poor","87.2%","12.8%","0%"," "," "," "," "," "," ","22,959 (11,273 - 29,905)","73,520 (44,943 - 97,342)","8,169 (4,736 - 14,025)","31,091 (26,104 - 38,822)"
"Central Coast","Chum","CM","Rivers Inlet","4,396","2018-2021",66,"poor","sr","poor","96.8","3.2","0","poor","100%","0%","0%"," "," "," "," "," "," ","7,809 (4,271 - 11,289)","37,322 (24,125 - 63,369)","8,786 (5,677 - 13,191)","27,337 (21,944 - 35,590)"
"Central Coast","Chum","CM","Wannock"," ","",0,"data-deficient"," "," "," "," "," "," "," "," "," "," "," "," "," "," "," "," "," "," ",""
"Central Coast","Chum","CM","Spiller-Fitz-Hugh-Burke","91,839","2018-2021",68,"fair","sr","poor","100","0","0","fair","9%","91%","0%"," "," "," "," "," "," ","161,904 (130,931 - 196,261)","292,813 (241,493 - 342,014)","59,099 (37,432 - 102,238)","168,769 (142,576 - 220,067)"
"Central Coast","Chum","CM","Bella Coola-Dean Rivers","115,116","2018-2021",68,"fair","sr","fair","48.46","51.54","0","fair","0%","97.1%","2.9%"," "," "," "," "," "," ","109,704 (83,124 - 155,670)","273,248 (237,301 - 312,447)","25,295 (14,280 - 44,527)","131,913 (112,598 - 169,359)"
"Central Coast","Chum","CM","Bella Coola River-Late","6,325","2018-2021",19,"data-deficient"," ","fair","3.44","96.56","0"," "," "," "," "," "," "," "," "," "," ","5,084 (2,961 - 6,502)","23,591 (14,128 - 24,003)"," ",""
"Central Coast","Chum","CM","Hecate Lowlands","33,474","2018-2021",68,"poor","sr","poor","100","0","0","poor","64.9%","35.1%","0%"," "," "," "," "," "," ","72,369 (59,030 - 82,080)","125,140 (111,841 - 148,084)","32,658 (20,081 - 66,304)","95,497 (75,068 - 142,997)"
"Central Coast","Chum","CM","Mussel-Kynoch","21,837","2018-2021",68,"fair","sr","poor","100","0","0","fair","16.9%","83.1%","0%"," "," "," "," "," "," ","50,880 (41,450 - 68,020)","133,316 (109,893 - 172,374)","16,787 (10,378 - 26,780)","63,220 (53,685 - 75,798)"
"Central Coast","Chum","CM","Douglas-Gardner","54,355","2018-2021",68,"poor","sr","poor","99.46","0.54","0","poor","54.9%","45.1%","0%"," "," "," "," "," "," ","77,727 (61,675 - 108,658)","345,040 (215,043 - 378,300)","52,973 (34,676 - 82,712)","167,558 (137,378 - 213,718)"
"Central Coast","Coho","CO","Smith Inlet","9,038","2012-2014",35,"data-deficient","percentile","fair","1.74","96.54","1.72"," "," "," "," "," "," "," "," "," "," ","1,966 (2,051 - 8,578)","14,485 (9,446 - 31,468)"," ",""
"Central Coast","Coho","CO","Rivers Inlet","137,001","2011-2013",48,"data-deficient","percentile","good","0","0","100"," "," "," "," "," "," "," "," "," "," ","14,582 (8,675 - 21,932)","68,424 (48,309 - 95,474)"," ",""
"Central Coast","Coho","CO","Bella Coola-Dean Rivers","19,375","2019-2021",68,"poor","percentile","poor","48.42","51.58","0","fair","0.2%","99.4%","0.3%"," "," "," "," "," "," ","19,703 (13,773 - 22,932)","49,219 (40,818 - 63,190)","8,960 (5,703 - 14,843)","25,123 (20,544 - 32,063)"
"Central Coast","Coho","CO","Mussel-Kynoch","2,207","2019-2021",65,"poor","percentile","poor","94.72","5.28","0","poor","89.3%","10.7%","0%"," "," "," "," "," "," ","2,880 (2,070 - 3,717)","8,600 (5,794 - 11,072)","2,721 (1,561 - 4,945)","5,618 (4,044 - 8,716)"
"Central Coast","Coho","CO","Hecate Strait Mainland","40,107","2019-2021",68,"poor","percentile","poor","99.58","0.42","0","poor","100%","0%","0%"," "," "," "," "," "," ","64,740 (46,184 - 101,440)","201,232 (117,997 - 275,915)","73,404 (50,919 - 118,799)","127,657 (96,039 - 181,007)"
"Central Coast","Coho","CO","Douglas Channel-Kitimat Arm","113,392","2019-2021",59,"fair","percentile","fair","0","66.52","33.48","good","0%","0%","100%"," "," "," "," "," "," ","37,656 (32,888 - 54,708)","140,858 (93,459 - 149,498)","6,808 (3,217 - 13,297)","43,628 (36,062 - 54,438)"
"Central Coast","Coho","CO","Northern Coastal Streams","72,291","2019-2021",68,"poor","percentile","poor","55.64","44.36","0","fair","0.1%","98.3%","1.6%"," "," "," "," "," "," ","73,400 (62,303 - 86,519)","142,792 (118,256 - 167,919)","35,314 (24,961 - 51,628)","83,914 (71,752 - 102,393)"
"Central Coast","Pink","PKE","Hecate Lowlands (even)","449,484","2020-2020",34,"data-deficient","sr","poor","77.76","22.24","0","fair","9.7%","88%","2.4%"," "," "," "," "," "," ","462,836 (363,301 - 710,519)","1,156,501 (854,537 - 1,355,310)","197,239 (67,645 - 550,983)","587,522 (418,968 - 1,120,552)"
"Central Coast","Pink","PKE","Hecate Strait-Fjords (even)","11,874,814","2020-2020",34,"data-deficient","sr","good","0","0","100","good","0%","0%","100%"," "," "," "," "," "," ","1,879,552 (1,055,908 - 3,046,442)","5,365,948 (4,042,869 - 6,534,840)","521,683 (233,951 - 1,132,278)","2,219,233 (1,698,748 - 3,258,255)"
"Central Coast","Pink","PKO","Homathko-Klinaklini-Smith-Rivers-Bella Coola-Dean (odd)","461,427","2021-2021",33,"fair","sr","fair","30.36","69.6","0.04","fair","3%","59.5%","37.5%"," "," "," "," "," "," ","393,923 (125,148 - 872,612)","1,854,181 (816,186 - 3,431,382)","194,706 (48,474 - 441,660)","521,605 (0 - 913,090)"
"Central Coast","Pink","PKO","Hecate Strait-Lowlands (odd)","614,739","2021-2021",34,"good","sr","fair","1.02","98.78","0.2","good","0%","2.1%","97.8%"," "," "," "," "," "," ","377,772 (280,803 - 583,274)","893,180 (692,379 - 1,141,121)","144,417 (78,306 - 269,840)","428,544 (349,811 - 581,868)"
"Central Coast","Pink","PKO","Hecate Strait-Fjords (odd)","1,295,152","2021-2021",34,"good","sr","fair","0.28","97.88","1.84","good","1%","37%","62%"," "," "," "," "," "," ","650,796 (482,618 - 1,060,325)","1,662,440 (1,340,223 - 2,935,084)","556,130 (344,169 - 1,017,323)","1,173,760 (848,529 - 1,811,030)"
"Central Coast","Sockeye","SEL","Long","59,096","2010-2014",61,"data-deficient","percentile","fair","3.04","96.92","0.04"," "," "," "," "," "," "," "," "," "," ","26,827 (17,866 - 60,266)","139,642 (80,924 - 199,637)"," ",""
"Central Coast","Sockeye","SEL","Owikeno","191,314","2015-2019",66,"fair","sr","fair","61.56","38.44","0","fair","0%","99.7%","0.3%"," "," "," "," "," "," ","188,308 (117,662 - 337,918)","635,109 (432,365 - 928,248)","31,005 (22,812 - 43,088)","234,135 (204,315 - 255,676)"
"Central Coast","Sockeye","SEL","Wannock (Owikeno)"," ","",0,"data-deficient"," "," "," "," "," "," "," "," "," "," "," "," "," "," "," "," "," "," ",""
"Central Coast","Sockeye","SEL","South Atnarko Lakes"," ","",59,"data-deficient"," "," "," "," "," "," "," "," "," "," "," "," "," "," "," "," "," "," ",""
"Central Coast","Sockeye","SEL","Backland","36","2017-2021",32,"poor","absolute","poor","0.76","99.22","0.02","poor","66%","28.2%","5.8%"," "," "," "," "," "," ","38 (12 - 33)","162 (52 - 105)","28 (0 - 1,165)","93 (0 - 2,770)"
"Central Coast","Sockeye","SEL","Soda Creek"," ","",0,"data-deficient"," "," "," "," "," "," "," "," "," "," "," "," "," "," "," "," "," "," ",""
"Central Coast","Sockeye","SEL","Canoona","3,305","2018-2021",47,"fair","sr","fair","0.12","99.84","0.04","fair","0%","97.6%","2.4%"," "," "," "," "," "," ","1,400 (1,233 - 2,676)","5,100 (3,885 - 7,000)","1,593 (1,345 - 1,736)","4,140 (3,326 - 5,032)"
"Central Coast","Sockeye","SEL","Dome"," ","",0,"data-deficient"," "," "," "," "," "," "," "," "," "," "," "," "," "," "," "," "," "," ",""
"Central Coast","Sockeye","SEL","Evelyn","1,300","2017-2021",64,"poor","absolute","fair","0","99.98","0.02","good","0%","0%","100%"," "," "," "," "," "," ","600 (452 - 991)","2,400 (1,632 - 3,128)","139 (102 - 188)","957 (857 - 1,072)"
"Central Coast","Sockeye","SEL","Kainet Creek","1,151","2017-2021",59,"poor","absolute","fair","5.56","94.44","0","fair","0%","100%","0%"," "," "," "," "," "," ","850 (511 - 1,239)","2,350 (1,761 - 3,508)","232 (169 - 316)","1,584 (1,401 - 1,788)"
"Central Coast","Sockeye","SEL","Kimsquit"," ","",0,"data-deficient"," "," "," "," "," "," "," "," "," "," "," "," "," "," "," "," "," "," ",""
"Central Coast","Sockeye","SEL","Kitkiata"," ","",0,"data-deficient"," "," "," "," "," "," "," "," "," "," "," "," "," "," "," "," "," "," ",""
"Central Coast","Sockeye","SEL","Kitlope","14,780","2017-2021",65,"fair","sr","poor","39.8","60.2","0","fair","0%","97.7%","2.3%"," "," "," "," "," "," ","16,000 (10,693 - 18,332)","36,000 (31,031 - 45,358)","2,094 (1,199 - 2,971)","17,639 (15,097 - 19,706)"
"Central Coast","Sockeye","SEL","Pine River"," ","",0,"data-deficient"," "," "," "," "," "," "," "," "," "," "," "," "," "," "," "," "," "," ",""
"Central Coast","Sockeye","SEL","Banks"," ","",0,"data-deficient"," "," "," "," "," "," "," "," "," "," "," "," "," "," "," "," "," "," ",""
"Central Coast","Sockeye","SEL","Bloomfield","810","2021-2021",59,"poor","absolute","fair","0.06","99.88","0.06","good","0%","0%","100%"," "," "," "," "," "," ","405 (251 - 610)","1,550 (1,088 - 2,852)","50 (23 - 82)","591 (495 - 654)"
"Central Coast","Sockeye","SEL","Bolton Creek"," ","",0,"data-deficient"," "," "," "," "," "," "," "," "," "," "," "," "," "," "," "," "," "," ",""
"Central Coast","Sockeye","SEL","Bonilla"," ","",0,"data-deficient"," "," "," "," "," "," "," "," "," "," "," "," "," "," "," "," "," "," ",""
"Central Coast","Sockeye","SEL","Borrowman Creek"," ","",0,"data-deficient"," "," "," "," "," "," "," "," "," "," "," "," "," "," "," "," "," "," ",""
"Central Coast","Sockeye","SEL","Busey Creek"," ","",0,"data-deficient"," "," "," "," "," "," "," "," "," "," "," "," "," "," "," "," "," "," ",""
"Central Coast","Sockeye","SEL","Cartwright Creek"," ","",0,"data-deficient"," "," "," "," "," "," "," "," "," "," "," "," "," "," "," "," "," "," ",""
"Central Coast","Sockeye","SEL","Chic Chic"," ","",0,"data-deficient"," "," "," "," "," "," "," "," "," "," "," "," "," "," "," "," "," "," ",""
"Central Coast","Sockeye","SEL","Tuwartz"," ","",0,"data-deficient"," "," "," "," "," "," "," "," "," "," "," "," "," "," "," "," "," "," ",""
"Central Coast","Sockeye","SEL","Fannie Cove"," ","",0,"data-deficient"," "," "," "," "," "," "," "," "," "," "," "," "," "," "," "," "," "," ",""
"Central Coast","Sockeye","SEL","Curtis Inlet","2,710","2013-2015",47,"data-deficient","percentile","poor","87.86","12.14","0"," "," "," "," "," "," "," "," "," "," ","3,100 (2,153 - 5,571)","15,000 (10,512 - 19,738)"," ",""
"Central Coast","Sockeye","SEL","Dallain Creek"," ","",0,"data-deficient"," "," "," "," "," "," "," "," "," "," "," "," "," "," "," "," "," "," ",""
"Central Coast","Sockeye","SEL","Deer"," ","",0,"data-deficient"," "," "," "," "," "," "," "," "," "," "," "," "," "," "," "," "," "," ",""
"Central Coast","Sockeye","SEL","Devon","5,018","2013-2017",53,"data-deficient","sr","fair","0.5","99.5","0","good","0%","0%","100%"," "," "," "," "," "," ","3,000 (2,399 - 4,393)","8,000 (7,464 - 12,375)","1,022 (825 - 1,156)","3,702 (3,257 - 4,117)"
"Central Coast","Sockeye","SEL","Douglas Creek"," ","",0,"data-deficient"," "," "," "," "," "," "," "," "," "," "," "," "," "," "," "," "," "," ",""
"Central Coast","Sockeye","SEL","Elizabeth"," ","",0,"data-deficient"," "," "," "," "," "," "," "," "," "," "," "," "," "," "," "," "," "," ",""
"Central Coast","Sockeye","SEL","Elsie/Hoy"," ","",0,"data-deficient"," "," "," "," "," "," "," "," "," "," "," "," "," "," "," "," "," "," ",""
"Central Coast","Sockeye","SEL","End Hill Creek"," ","",0,"data-deficient"," "," "," "," "," "," "," "," "," "," "," "," "," "," "," "," "," "," ",""
"Central Coast","Sockeye","SEL","Evinrude Inlet"," ","",0,"data-deficient"," "," "," "," "," "," "," "," "," "," "," "," "," "," "," "," "," "," ",""
"Central Coast","Sockeye","SEL","Freeda","600","2020-2020",28,"poor","absolute","fair","0","100","0"," "," "," "," "," "," "," "," "," "," ","400 (373 - 403)","850 (799 - 993)"," ",""
"Central Coast","Sockeye","SEL","Hartley Bay","1,145","2017-2021",55,"poor","absolute","fair","0","100","0","good","0%","0.1%","99.9%"," "," "," "," "," "," ","800 (663 - 914)","1,550 (1,419 - 2,124)","251 (217 - 296)","968 (863 - 1,057)"
"Central Coast","Sockeye","SEL","Hevenor Inlet"," ","",0,"data-deficient"," "," "," "," "," "," "," "," "," "," "," "," "," "," "," "," "," "," ",""
"Central Coast","Sockeye","SEL","Higgins Lagoon"," ","",0,"data-deficient"," "," "," "," "," "," "," "," "," "," "," "," "," "," "," "," "," "," ",""
"Central Coast","Sockeye","SEL","Kadjusdis River","3,800","2017-2021",52,"good","sr","fair","0","77.8","22.2","good","0%","0%","100%"," "," "," "," "," "," ","1,150 (887 - 1,914)","4,000 (3,101 - 5,707)","39 (20 - 77)","1,281 (1,161 - 1,387)"
"Central Coast","Sockeye","SEL","Kdelmashan Creek"," ","",0,"data-deficient"," "," "," "," "," "," "," "," "," "," "," "," "," "," "," "," "," "," ",""
"Central Coast","Sockeye","SEL","Keecha","2,284","2014-2017",40,"data-deficient","sr","fair","19.6","80.4","0","fair","0%","99.6%","0.4%"," "," "," "," "," "," ","1,900 (1,432 - 2,739)","7,000 (5,791 - 9,571)","1,065 (763 - 1,289)","3,732 (2,747 - 4,577)"
"Central Coast","Sockeye","SEL","Kent Inlet Lagoon Creek"," ","",0,"data-deficient"," "," "," "," "," "," "," "," "," "," "," "," "," "," "," "," "," "," ",""
"Central Coast","Sockeye","SEL","Kenzuwash Creeks"," ","",0,"data-deficient"," "," "," "," "," "," "," "," "," "," "," "," "," "," "," "," "," "," ",""
"Central Coast","Sockeye","SEL","Keswar Creek"," ","",0,"data-deficient"," "," "," "," "," "," "," "," "," "," "," "," "," "," "," "," "," "," ",""
"Central Coast","Sockeye","SEL","Kildidt Creek"," ","",0,"data-deficient"," "," "," "," "," "," "," "," "," "," "," "," "," "," "," "," "," "," ",""
"Central Coast","Sockeye","SEL","Kildidt Lagoon Creek"," ","",0,"data-deficient"," "," "," "," "," "," "," "," "," "," "," "," "," "," "," "," "," "," ",""
"Central Coast","Sockeye","SEL","Kisameet"," ","",0,"data-deficient"," "," "," "," "," "," "," "," "," "," "," "," "," "," "," "," "," "," ",""
"Central Coast","Sockeye","SEL","Koeye","7,488","2017-2021",57,"good","sr","good","0","8.88","91.12","good","0%","46.2%","53.8%"," "," "," "," "," "," ","2,000 (1,849 - 3,369)","6,893 (5,011 - 8,094)","2,407 (2,031 - 2,729)","7,339 (6,232 - 8,713)"
"Central Coast","Sockeye","SEL","Kooryet","617","2016-2020",46,"poor","absolute","poor","100","0","0","poor","100%","0%","0%"," "," "," "," "," "," ","1,405 (1,215 - 2,312)","7,000 (5,697 - 7,710)","1,844 (1,533 - 1,996)","4,155 (2,677 - 5,672)"
"Central Coast","Sockeye","SEL","Kunsoot River"," ","",0,"data-deficient"," "," "," "," "," "," "," "," "," "," "," "," "," "," "," "," "," "," ",""
"Central Coast","Sockeye","SEL","Kwakwa Creek","1,130","2021-2021",51,"poor","absolute","poor","63.66","36.34","0"," "," "," "," "," "," "," "," "," "," ","1,500 (776 - 1,820)","4,000 (2,775 - 5,440)"," ",""
"Central Coast","Sockeye","SEL","Lewis Creek"," ","",0,"data-deficient"," "," "," "," "," "," "," "," "," "," "," "," "," "," "," "," "," "," ",""
"Central Coast","Sockeye","SEL","Limestone Creek"," ","",0,"data-deficient"," "," "," "," "," "," "," "," "," "," "," "," "," "," "," "," "," "," ",""
"Central Coast","Sockeye","SEL","Lowe/Simpson/Weir","3,061","2017-2021",50,"poor","sr","poor","98.7","1.3","0","poor","95.5%","1.5%","3%"," "," "," "," "," "," ","4,100 (3,232 - 6,344)","12,000 (10,557 - 19,101)","5,821 (3,142 - 6,488)","8,042 (2,855 - 12,517)"
"Central Coast","Sockeye","SEL","Mary Cove Creek","430","2015-2018",53,"data-deficient","absolute","fair","43.2","56.8","0","fair","0%","62%","38%"," "," "," "," "," "," ","340 (203 - 807)","2,000 (1,100 - 3,787)","25 (4 - 90)","475 (302 - 556)"
"Central Coast","Sockeye","SEL","Mcdonald Creek"," ","",0,"data-deficient"," "," "," "," "," "," "," "," "," "," "," "," "," "," "," "," "," "," ",""
"Central Coast","Sockeye","SEL","Mcloughlin"," ","",0,"data-deficient"," "," "," "," "," "," "," "," "," "," "," "," "," "," "," "," "," "," ",""
"Central Coast","Sockeye","SEL","Mikado","3,990","2015-2017",48,"data-deficient","sr","fair","0","100","0","good","0%","0%","100%"," "," "," "," "," "," ","3,000 (2,092 - 3,265)","7,000 (6,023 - 6,931)","109 (72 - 154)","1,584 (1,457 - 1,680)"
"Central Coast","Sockeye","SEL","Monckton Inlet Creek"," ","",0,"data-deficient"," "," "," "," "," "," "," "," "," "," "," "," "," "," "," "," "," "," ",""
"Central Coast","Sockeye","SEL","Namu","3,623","2017-2021",52,"good","sr","fair","0","81.34","18.66","good","0%","0%","100%"," "," "," "," "," "," ","1,500 (1,207 - 2,275)","4,040 (3,225 - 5,210)","773 (613 - 925)","2,644 (2,114 - 3,093)"
"Central Coast","Sockeye","SEL","Port John","542","2017-2021",44,"poor","absolute","fair","1.48","98.52","0","fair","0%","99.9%","0.1%"," "," "," "," "," "," ","284 (155 - 519)","1,500 (932 - 1,943)","386 (264 - 432)","1,196 (842 - 1,513)"
"Central Coast","Sockeye","SEL","Powles Creek"," ","",0,"data-deficient"," "," "," "," "," "," "," "," "," "," "," "," "," "," "," "," "," "," ",""
"Central Coast","Sockeye","SEL","Price Creek"," ","",0,"data-deficient"," "," "," "," "," "," "," "," "," "," "," "," "," "," "," "," "," "," ",""
"Central Coast","Sockeye","SEL","Roderick","302","2016-2020",43,"poor","absolute","poor","96.1","3.9","0","poor","89%","10.1%","0.8%"," "," "," "," "," "," ","375 (293 - 416)","950 (571 - 1,020)","399 (149 - 1,220)","839 (0 - 2,129)"
"Central Coast","Sockeye","SEL","Ryan Creek"," ","",0,"data-deficient"," "," "," "," "," "," "," "," "," "," "," "," "," "," "," "," "," "," ",""
"Central Coast","Sockeye","SEL","Salter"," ","",0,"data-deficient"," "," "," "," "," "," "," "," "," "," "," "," "," "," "," "," "," "," ",""
"Central Coast","Sockeye","SEL","Scoular/Kilpatrick"," ","",0,"data-deficient"," "," "," "," "," "," "," "," "," "," "," "," "," "," "," "," "," "," ",""
"Central Coast","Sockeye","SEL","Sheneeza Inlet"," ","",0,"data-deficient"," "," "," "," "," "," "," "," "," "," "," "," "," "," "," "," "," "," ",""
"Central Coast","Sockeye","SEL","Ship Point Creek"," ","",0,"data-deficient"," "," "," "," "," "," "," "," "," "," "," "," "," "," "," "," "," "," ",""
"Central Coast","Sockeye","SEL","Spencer Creek"," ","",0,"data-deficient"," "," "," "," "," "," "," "," "," "," "," "," "," "," "," "," "," "," ",""
"Central Coast","Sockeye","SEL","Stannard Creek"," ","",0,"data-deficient"," "," "," "," "," "," "," "," "," "," "," "," "," "," "," "," "," "," ",""
"Central Coast","Sockeye","SEL","Talamoosa Creek"," ","",0,"data-deficient"," "," "," "," "," "," "," "," "," "," "," "," "," "," "," "," "," "," ",""
"Central Coast","Sockeye","SEL","Tankeeah River","2,000","2020-2020",53,"fair","sr","poor","45.68","54.32","0","fair","0%","100%","0%"," "," "," "," "," "," ","2,000 (1,248 - 2,914)","6,000 (3,919 - 8,517)","356 (257 - 458)","2,767 (2,525 - 3,037)"
"Central Coast","Sockeye","SEL","Treneman Creek"," ","",0,"data-deficient"," "," "," "," "," "," "," "," "," "," "," "," "," "," "," "," "," "," ",""
"Central Coast","Sockeye","SEL","Tsimtack/Moore/Roger","1,900","2017-2021",43,"fair","sr","fair","50.6","49.4","0","fair","1.3%","82.1%","16.6%"," "," "," "," "," "," ","1,500 (1,235 - 2,811)","6,600 (5,833 - 11,086)","258 (54 - 1,104)","2,158 (1,357 - 4,484)"
"Central Coast","Sockeye","SEL","Tuno Creek East"," ","",0,"data-deficient"," "," "," "," "," "," "," "," "," "," "," "," "," "," "," "," "," "," ",""
"Central Coast","Sockeye","SEL","Tuno Creek West"," ","",0,"data-deficient"," "," "," "," "," "," "," "," "," "," "," "," "," "," "," "," "," "," ",""
"Central Coast","Sockeye","SEL","Tyler Creek"," ","",0,"data-deficient"," "," "," "," "," "," "," "," "," "," "," "," "," "," "," "," "," "," ",""
"Central Coast","Sockeye","SEL","Wale Creek"," ","",0,"data-deficient"," "," "," "," "," "," "," "," "," "," "," "," "," "," "," "," "," "," ",""
"Central Coast","Sockeye","SEL","Watt Bay"," ","",0,"data-deficient"," "," "," "," "," "," "," "," "," "," "," "," "," "," "," "," "," "," ",""
"Central Coast","Sockeye","SEL","West Creek"," ","",0,"data-deficient"," "," "," "," "," "," "," "," "," "," "," "," "," "," "," "," "," "," ",""
"Central Coast","Sockeye","SEL","Yaaklele Lagoon"," ","",0,"data-deficient"," "," "," "," "," "," "," "," "," "," "," "," "," "," "," "," "," "," ",""
"Central Coast","Sockeye","SEL","Yeo","735","2017-2021",51,"poor","absolute","fair","0.36","99.64","0","fair","0%","100%","0%"," "," "," "," "," "," ","370 (226 - 606)","1,600 (1,069 - 2,393)","339 (271 - 402)","1,176 (971 - 1,390)"
"Central Coast","Sockeye","SER","Rivers-Smith Inlets (river-type)"," ","",0,"data-deficient"," "," "," "," "," "," "," "," "," "," "," "," "," "," "," "," "," "," ",""
"Central Coast","Sockeye","SER","Northern Coastal Fjords (river-type)","2,318","2018-2021",62,"poor","sr","poor","100","0","0","poor","100%","0%","0%"," "," "," "," "," "," ","16,026 (5,308 - 28,097)","94,966 (27,287 - 135,883)","31,041 (15,875 - 75,670)","59,616 (37,301 - 122,159)"
"Central Coast","Sockeye","SER","Northern Coastal Streams (river-type)"," ","",0,"data-deficient"," "," "," "," "," "," "," "," "," "," "," "," "," "," "," "," "," "," ",""
"Central Coast","Steelhead","SH","North Coast Winter"," ","",0,"data-deficient"," "," "," "," "," "," "," "," "," "," "," "," "," "," "," "," "," "," ",""
"Central Coast","Steelhead","SH","North Coast Summer"," ","",0,"data-deficient"," "," "," "," "," "," "," "," "," "," "," "," "," "," "," "," "," "," ",""
"Central Coast","Steelhead","SH","Central Coast Winter"," ","",0,"data-deficient"," "," "," "," "," "," "," "," "," "," "," "," "," "," "," "," "," "," ",""
"Central Coast","Steelhead","SH","Transition Summer"," ","",0,"data-deficient"," "," "," "," "," "," "," "," "," "," "," "," "," "," "," "," "," "," ",""
"Columbia","Chinook","CK","Okanagan","29","2018-2022",17,"poor","absolute","fair","0","98.94","1.06"," "," "," "," ","Red","2023","Endangered","2015"," "," ","11 (7 - 17)","50 (30 - 60)"," ",""
"Columbia","Sockeye","SEL","Osoyoos","32,451","2019-2022",62,"fair","percentile","fair","0","80.96","19.04"," "," "," "," ","Amber","2023"," "," "," "," ","12,284 (8,440 - 16,956)","35,364 (26,770 - 55,095)"," ",""
"Columbia","Steelhead","SH","Mid Columbia Summer","9","2019-2023",18,"poor","absolute","poor","96.84","3.16","0"," "," "," "," "," "," "," "," "," "," ","11 (9 - 16)","38 (24 - 47)"," ",""
"East Vancouver Island & Mainland Inlets","Chinook","CK","Southern Mainland-Georgia Strait (Fall x-1)","588","2014-2018",14,"data-deficient"," ","fair","0","91.62","8.38"," "," "," "," "," "," ","Data Deficient","2018"," "," ","351 (268 - 382)","598 (573 - 752)"," ",""
"East Vancouver Island & Mainland Inlets","Chinook","CK","East Vancouver Island-Goldstream (Fall x-1)","4","2014-2018",18,"data-deficient"," ","poor","94.46","5.54","0"," "," "," "," "," "," ","Special Concern","2018"," "," ","16 (3 - 30)","213 (69 - 287)"," ",""
"East Vancouver Island & Mainland Inlets","Chinook","CK","East Vancouver Island-Cowichan and Koksilah (Fall x-1)","8,509","2014-2018",24,"data-deficient"," ","good","0","6.06","93.94"," "," "," "," "," "," ","Special Concern","2018"," "," ","2,840 (2,033 - 4,426)","6,997 (4,366 - 9,169)"," ",""
"East Vancouver Island & Mainland Inlets","Chinook","CK","East Vancouver Island-Nanaimo (Spring x-2)"," ","",0,"data-deficient"," "," "," "," "," "," "," "," "," ","Data Deficient","2012","Endangered","2015"," "," "," "," "," ",""
"East Vancouver Island & Mainland Inlets","Chinook","CK","East Vancouver Island-Nanaimo and Chemainus (Fall x-1)","2,325","2014-2018",24,"data-deficient"," ","fair","0","78.8","21.2"," "," "," "," "," "," ","Special Concern","2018"," "," ","1,567 (1,353 - 1,617)","2,421 (2,235 - 2,585)"," ",""
"East Vancouver Island & Mainland Inlets","Chinook","CK","East Vancouver Island-Qualicum and Puntledge (Fall x-1)","14,060","2014-2018",24,"data-deficient"," ","fair","0.1","98.62","1.28"," "," "," "," "," "," ","Special Concern","2018"," "," ","10,582 (9,731 - 12,946)","16,740 (14,400 - 21,359)"," ",""
"East Vancouver Island & Mainland Inlets","Chinook","CK","Southern Mainland-Southern Fjords (Fall x-1)","2,349","2013-2017",16,"data-deficient"," ","good","0","38.54","61.46"," "," "," "," "," "," ","Data Deficient","2018"," "," ","240 (269 - 1,040)","2,120 (1,091 - 4,153)"," ",""
"East Vancouver Island & Mainland Inlets","Chinook","CK","East Vancouver Island-North (Fall x-1)","7,359","2014-2018",19,"data-deficient"," ","poor","9.1","90.9","0"," "," "," "," ","Red","2012","Not at risk","2018"," "," ","7,585 (6,126 - 7,649)","10,352 (9,507 - 12,160)"," ",""
"East Vancouver Island & Mainland Inlets","Chinook","CK","Homathko (Summer x-x)"," ","",0,"data-deficient"," "," "," "," "," "," "," "," "," ","Data Deficient","2012","Data Deficient","2015"," "," "," "," "," ",""
"East Vancouver Island & Mainland Inlets","Chinook","CK","Klinaklini (Summer 5-2)"," ","",0,"data-deficient"," "," "," "," "," "," "," "," "," ","Data Deficient","2012","Data Deficient","2015"," "," "," "," "," ",""
"East Vancouver Island & Mainland Inlets","Chinook","CK","East Vancouver Island-Georgia Strait (Summer 4-1)","1,031","2014-2018",24,"data-deficient"," ","poor","88.1","11.9","0"," "," "," "," "," "," ","Endangered","2018"," "," ","1,050 (973 - 1,262)","1,970 (1,561 - 2,165)"," ",""
"East Vancouver Island & Mainland Inlets","Chum","CM","Southern Coastal Streams","2,602","2015-2018",66,"data-deficient","percentile","fair","39.58","60.42","0"," "," "," "," "," "," "," "," "," "," ","1,912 (1,160 - 4,482)","16,117 (8,163 - 21,939)"," ",""
"East Vancouver Island & Mainland Inlets","Chum","CM","Bute Inlet","39,478","2015-2018",66,"data-deficient","percentile","fair","0","98.78","1.22"," "," "," "," "," "," "," "," "," "," ","12,229 (9,537 - 21,415)","76,615 (41,966 - 103,167)"," ",""
"East Vancouver Island & Mainland Inlets","Chum","CM","Loughborough","13,120","2015-2018",66,"data-deficient","percentile","poor","96.34","3.66","0"," "," "," "," "," "," "," "," "," "," ","15,965 (12,738 - 17,818)","40,468 (34,205 - 52,374)"," ",""
"East Vancouver Island & Mainland Inlets","Chum","CM","Northeast Vancouver Island","9,763","2015-2018",66,"data-deficient","percentile","poor","98.96","1.04","0"," "," "," "," "," "," "," "," "," "," ","15,642 (10,318 - 20,283)","74,425 (49,583 - 85,603)"," ",""
"East Vancouver Island & Mainland Inlets","Chum","CM","Georgia Strait","649,252","2015-2018",66,"data-deficient","percentile","fair","0","83.56","16.44"," "," "," "," "," "," "," "," "," "," ","394,418 (319,513 - 460,842)","708,638 (602,692 - 830,489)"," ",""
"East Vancouver Island & Mainland Inlets","Chum","CM","Howe Sound-Burrard Inlet","368,983","2015-2018",66,"data-deficient","percentile","good","0","32.22","67.78"," "," "," "," "," "," "," "," "," "," ","96,977 (65,834 - 146,296)","313,320 (210,475 - 525,030)"," ",""
"East Vancouver Island & Mainland Inlets","Chum","CM","Upper Knight","2,709","2000-2003",44,"data-deficient","percentile","fair","19.4","80.6","0"," "," "," "," "," "," "," "," "," "," ","1,114 (856 - 4,071)","16,500 (10,641 - 24,323)"," ",""
"East Vancouver Island & Mainland Inlets","Coho","CO","Howe Sound-Burrard Inlet"," ","",0,"data-deficient"," "," "," "," "," "," "," "," "," "," "," "," "," "," "," "," "," "," ",""
"East Vancouver Island & Mainland Inlets","Coho","CO","Georgia Strait Mainland"," ","",0,"data-deficient"," "," "," "," "," "," "," "," "," "," "," "," "," "," "," "," "," "," ",""
"East Vancouver Island & Mainland Inlets","Coho","CO","Southern Coastal Streams-Queen Charlotte Strait-Johnstone Strait-Southern Fjords"," ","",0,"data-deficient"," "," "," "," "," "," "," "," "," "," "," "," "," "," "," "," "," "," ",""
"East Vancouver Island & Mainland Inlets","Coho","CO","East Vancouver Island-Georgia Strait"," ","",0,"data-deficient"," "," "," "," "," "," "," "," "," "," "," "," "," "," "," "," "," "," ",""
"East Vancouver Island & Mainland Inlets","Coho","CO","East Vancouver Island-Johnstone Strait-Southern Fjords"," ","",0,"data-deficient"," "," "," "," "," "," "," "," "," "," "," "," "," "," "," "," "," "," ",""
"East Vancouver Island & Mainland Inlets","Coho","CO","Nahwitti Lowland"," ","",0,"data-deficient"," "," "," "," "," "," "," "," "," "," "," "," "," "," "," "," "," "," ",""
"East Vancouver Island & Mainland Inlets","Coho","CO","Homathko-Klinaklini Rivers"," ","",0,"data-deficient"," "," "," "," "," "," "," "," "," "," "," "," "," "," "," "," "," "," ",""
"East Vancouver Island & Mainland Inlets","Pink","PKE","Georgia Strait (even)","152,684","2018-2018",33,"data-deficient","sr","fair","0.02","63.86","36.12","fair","2.6%","88.3%","9.1%"," "," "," "," "," "," ","29,276 (15,164 - 78,155)","243,993 (75,612 - 499,055)","83,071 (49,191 - 143,331)","192,667 (125,456 - 312,617)"
"East Vancouver Island & Mainland Inlets","Pink","PKE","Southern Fjords (even)","575,090","2018-2018",33,"data-deficient","sr","poor","79.36","20.64","0","fair","0.5%","99.5%","0%"," "," "," "," "," "," ","596,537 (460,516 - 1,039,281)","1,699,305 (1,250,296 - 2,507,418)","269,360 (152,748 - 455,223)","860,694 (716,285 - 1,157,166)"
"East Vancouver Island & Mainland Inlets","Pink","PKO","East Howe Sound-Burrard Inlet (odd)","110,104","2019-2019",34,"data-deficient","sr","fair","0.02","85.8","14.18","fair","4.2%","65.4%","30.4%"," "," "," "," "," "," ","43,526 (22,483 - 70,914)","141,916 (85,586 - 265,858)","49,112 (19,110 - 104,536)","114,883 (58,498 - 229,605)"
"East Vancouver Island & Mainland Inlets","Pink","PKO","Georgia Strait (odd)","1,296,234","2019-2019",34,"data-deficient","sr","good","0","4.66","95.34","good","0%","1.5%","98.5%"," "," "," "," "," "," ","118,733 (66,492 - 338,371)","602,305 (221,768 - 1,541,302)","294,101 (169,789 - 551,941)","610,586 (385,929 - 1,101,459)"
"East Vancouver Island & Mainland Inlets","Pink","PKO","East Vancouver Island-Johnstone Strait (odd)","108,129","2019-2019",34,"data-deficient","sr","fair","0","85.78","14.22","good","6.8%","37.4%","55.8%"," "," "," "," "," "," ","15,704 (8,624 - 46,377)","116,709 (77,128 - 274,748)","38,011 (13,766 - 121,675)","88,914 (32,507 - 241,194)"
"East Vancouver Island & Mainland Inlets","Pink","PKO","Nahwitti (odd)","8,272","2019-2019",34,"data-deficient","sr","fair","5.56","94.02","0.42","poor","88.6%","10.9%","0.5%"," "," "," "," "," "," ","3,933 (2,116 - 9,683)","24,545 (10,342 - 59,830)","10,165 (5,294 - 24,229)","21,103 (10,452 - 43,265)"
"East Vancouver Island & Mainland Inlets","Pink","PKO","Southern Fjords (odd)","8,383","2019-2019",34,"data-deficient","sr","poor","100","0","0","poor","100%","0%","0%"," "," "," "," "," "," ","196,384 (102,320 - 290,847)","594,271 (359,642 - 902,464)","112,302 (60,772 - 213,604)","318,932 (246,884 - 478,290)"
"East Vancouver Island & Mainland Inlets","Sockeye","SEL","Fulmore"," ","",0,"data-deficient"," "," "," "," "," "," "," "," "," "," "," "," "," "," "," "," "," "," ",""
"East Vancouver Island & Mainland Inlets","Sockeye","SEL","Heydon"," ","",0,"data-deficient"," "," "," "," "," "," "," "," "," "," "," "," "," "," "," "," "," "," ",""
"East Vancouver Island & Mainland Inlets","Sockeye","SEL","Kakweiken"," ","",0,"data-deficient"," "," "," "," "," "," "," "," "," "," "," "," "," "," "," "," "," "," ",""
"East Vancouver Island & Mainland Inlets","Sockeye","SEL","Loose"," ","",0,"data-deficient"," "," "," "," "," "," "," "," "," "," "," "," "," "," "," "," "," "," ",""
"East Vancouver Island & Mainland Inlets","Sockeye","SEL","Mackenzie"," ","",0,"data-deficient"," "," "," "," "," "," "," "," "," "," "," "," "," "," "," "," "," "," ",""
"East Vancouver Island & Mainland Inlets","Sockeye","SEL","Phillips"," ","",0,"data-deficient"," "," "," "," "," "," "," "," "," "," "," "," "," "," "," "," "," "," ",""
"East Vancouver Island & Mainland Inlets","Sockeye","SEL","Sakinaw","73","2014-2018",32,"data-deficient","absolute","poor","99.44","0.56","0"," "," "," "," "," "," ","Endangered","2012"," "," ","210 (111 - 766)","4,625 (1,333 - 6,055)"," ",""
"East Vancouver Island & Mainland Inlets","Sockeye","SEL","Tzoonie"," ","",0,"data-deficient"," "," "," "," "," "," "," "," "," "," "," "," "," "," "," "," "," "," ",""
"East Vancouver Island & Mainland Inlets","Sockeye","SEL","Ida-Bonanza"," ","",0,"data-deficient"," "," "," "," "," "," "," "," "," "," "," "," "," "," "," "," "," "," ",""
"East Vancouver Island & Mainland Inlets","Sockeye","SEL","Nahwitti"," ","",0,"data-deficient"," "," "," "," "," "," "," "," "," "," "," "," "," "," "," "," "," "," ",""
"East Vancouver Island & Mainland Inlets","Sockeye","SEL","Nimpkish","70,324","2013-2017",65,"data-deficient","sr","fair","0","90.74","9.26","good","0%","0.1%","99.9%"," "," "," "," "," "," ","30,029 (22,603 - 41,608)","1e+05 (64,692 - 113,076)","17,050 (11,374 - 30,156)","31,130 (17,223 - 47,601)"
"East Vancouver Island & Mainland Inlets","Sockeye","SEL","Quatse"," ","",0,"data-deficient"," "," "," "," "," "," "," "," "," "," "," "," "," "," "," "," "," "," ",""
"East Vancouver Island & Mainland Inlets","Sockeye","SEL","Schoen"," ","",0,"data-deficient"," "," "," "," "," "," "," "," "," "," "," "," "," "," "," "," "," "," ",""
"East Vancouver Island & Mainland Inlets","Sockeye","SEL","Shushartie"," ","",0,"data-deficient"," "," "," "," "," "," "," "," "," "," "," "," "," "," "," "," "," "," ",""
"East Vancouver Island & Mainland Inlets","Sockeye","SEL","Woss"," ","",0,"data-deficient"," "," "," "," "," "," "," "," "," "," "," "," "," "," "," "," "," "," ",""
"East Vancouver Island & Mainland Inlets","Sockeye","SER","Southern Fjords (river-type)"," ","",0,"data-deficient"," "," "," "," "," "," "," "," "," "," "," "," "," "," "," "," "," "," ",""
"East Vancouver Island & Mainland Inlets","Sockeye","SER","East Vancouver Island & Georgia Strait (river-type)"," ","",0,"data-deficient"," "," "," "," "," "," "," "," "," "," "," "," "," "," "," "," "," "," ",""
"East Vancouver Island & Mainland Inlets","Sockeye","SEL","Vernon"," ","",0,"data-deficient"," "," "," "," "," "," "," "," "," "," "," "," "," "," "," "," "," "," ",""
"East Vancouver Island & Mainland Inlets","Steelhead","SH","South Coast Winter","518","2016-2020",24,"data-deficient"," ","fair","0","84.24","15.76"," "," "," "," "," "," "," "," "," "," ","319 (216 - 368)","554 (470 - 677)"," ",""
"East Vancouver Island & Mainland Inlets","Steelhead","SH","East Vancouver Island Winter","218","2019-2023",25,"poor","absolute","poor","98.4","1.6","0"," "," "," "," "," "," "," "," "," "," ","282 (222 - 300)","476 (364 - 532)"," ",""
"East Vancouver Island & Mainland Inlets","Steelhead","SH","South Coast Summer"," ","",0,"data-deficient"," "," "," "," "," "," "," "," "," "," "," "," "," "," "," "," "," "," ",""
"East Vancouver Island & Mainland Inlets","Steelhead","SH","East Vancouver Island Summer","74","2020-2024",49,"poor","absolute","poor","95.98","4.02","0"," "," "," "," "," "," "," "," "," "," ","103 (71 - 133)","230 (177 - 282)"," ",""
"Fraser","Chinook","CK","Boundary Bay (Fall 4-1)","167","2015-2018",24,"data-deficient"," ","fair","0","96.3","3.7"," "," "," "," "," "," ","Threatened","2018"," "," ","75 (60 - 122)","250 (162 - 316)"," ",""
"Fraser","Chinook","CK","Lower Fraser River (Fall 4-1)","65,835","2020-2023",49,"not-assessed"," ","fair","1.48","98.5","0.02"," "," "," "," ","Green","2012","Threatened","2015"," "," ","42,953 (33,682 - 63,484)","108,502 (86,026 - 151,576)"," ",""
"Fraser","Chinook","CK","Lower Fraser River (Spring 5-2)","214","2019-2023",49,"not-assessed"," ","fair","38.14","61.86","0"," "," "," "," "," "," ","Special Concern","2015"," "," ","200 (158 - 274)","535 (426 - 712)"," ",""
"Fraser","Chinook","CK","Lower Fraser River-Upper Pitt (Summer 5-2)","35","2019-2023",36,"poor","absolute","poor","99.7","0.3","0"," "," "," "," ","Data Deficient","2012","Endangered","2015"," "," ","99 (50 - 159)","300 (203 - 452)"," ",""
"Fraser","Chinook","CK","Lower Fraser River (Summer 5-2)","41","2019-2023",31,"not-assessed"," ","fair","0.04","99.96","0"," "," "," "," ","Data Deficient","2012","Threatened","2015"," "," ","28 (24 - 31)","76 (65 - 83)"," ",""
"Fraser","Chinook","CK","Lower Fraser River-Maria Slough (Summer 4-1)","38","2020-2023",49,"poor","absolute","poor","95.38","4.62","0"," "," "," "," "," "," ","Endangered","2018"," "," ","67 (35 - 108)","325 (185 - 505)"," ",""
"Fraser","Chinook","CK","Fraser Canyon-Nahatlatch (Spring 5-2)","69","2019-2023",41,"not-assessed"," ","fair","0","64.82","35.18"," "," "," "," ","Data Deficient","2012","Endangered","2015"," "," ","17 (11 - 30)","80 (48 - 120)"," ",""
"Fraser","Chinook","CK","Middle Fraser River-Portage (Fall 5-2)","50","2019-2023",49,"poor","absolute","poor","40.3","59.7","0"," "," "," "," ","Red","2012","Endangered","2015"," "," ","50 (36 - 67)","191 (123 - 241)"," ",""
"Fraser","Chinook","CK","Middle Fraser River (Spring 5-2)","3,484","2019-2023",49,"poor","percentile","poor","73.2","26.8","0"," "," "," "," ","Red","2012","Threatened","2015"," "," ","3,791 (2,583 - 6,068)","11,913 (6,444 - 14,691)"," ",""
"Fraser","Chinook","CK","Middle Fraser River (Summer 5-2)","9,836","2019-2023",49,"not-assessed"," ","fair","47.94","52.06","0"," "," "," "," ","Amber","2012","Threatened","2015"," "," ","9,552 (7,464 - 12,519)","19,266 (14,409 - 23,203)"," ",""
"Fraser","Chinook","CK","Upper Fraser River (Spring 5-2)","8,521","2019-2023",49,"poor","percentile","poor","92.3","7.7","0"," "," "," "," ","Red","2012","Endangered","2015"," "," ","10,134 (7,666 - 15,501)","22,668 (16,907 - 31,072)"," ",""
"Fraser","Chinook","CK","South Thompson River (Summer 4-1)","164,489","2020-2023",49,"not-assessed"," ","good","0","2.56","97.44"," "," "," "," ","Green","2012","Not at risk","2015"," "," ","8,200 (8,096 - 36,347)","74,720 (32,184 - 165,950)"," ",""
"Fraser","Chinook","CK","South Thompson River (Summer 5-2)","1,371","2019-2023",49,"not-assessed"," ","fair","0","98.96","1.04"," "," "," "," ","Red_amber","2012","Endangered","2018"," "," ","781 (642 - 1,032)","1,625 (1,417 - 2,059)"," ",""
"Fraser","Chinook","CK","Shuswap River (Summer 4-1)","39,420","2020-2023",49,"not-assessed"," ","good","0","16.7","83.3"," "," "," "," "," "," ","Not at risk","2015"," "," ","16,576 (10,291 - 19,905)","33,811 (27,550 - 44,663)"," ",""
"Fraser","Chinook","CK","South Thompson River-Bessette Creek (Summer 4-2)","7","2021-2023",48,"poor","absolute","poor","99.5","0.5","0"," "," "," "," ","Red","2012","Endangered","2015"," "," ","14 (9 - 43)","192 (127 - 234)"," ",""
"Fraser","Chinook","CK","Lower Thompson River (Spring 4-2)","8,703","2020-2023",49,"not-assessed"," ","fair","0.1","99.86","0.04"," "," "," "," ","Red","2012","Endangered","2018"," "," ","5,375 (4,047 - 7,245)","11,673 (10,639 - 16,401)"," ",""
"Fraser","Chinook","CK","North Thompson River (Spring 5-2)","394","2019-2023",49,"not-assessed"," ","fair","16.58","83.16","0.26"," "," "," "," ","Red","2012","Endangered","2015"," "," ","284 (171 - 527)","960 (503 - 1,538)"," ",""
"Fraser","Chinook","CK","North Thompson River (Summer 5-2)","3,392","2019-2023",49,"not-assessed"," ","fair","12.64","87.36","0"," "," "," "," ","Red","2012","Endangered","2015"," "," ","2,644 (1,945 - 3,760)","6,076 (4,505 - 7,111)"," ",""
"Fraser","Chinook","CK","South Thompson-Adams River Upper","101","2018-2018",14,"data-deficient"," ","fair","0","87.32","12.68"," "," "," "," "," "," "," "," "," "," ","62 (43 - 61)","140 (98 - 128)"," ",""
"Fraser","Chum","CM","Lower Fraser","572,422","2019-2022",25,"poor","percentile","poor","98.74","1.26","0"," "," "," "," "," "," "," "," "," "," ","667,730 (592,977 - 914,118)","1,988,604 (1,233,715 - 2,001,965)"," ",""
"Fraser","Coho","CO","Lillooet"," ","",0,"data-deficient"," "," "," "," "," "," "," "," "," "," "," "," "," "," "," "," "," "," ",""
"Fraser","Coho","CO","Fraser Canyon","4,325","2020-2022",39,"not-assessed"," ","fair","0.14","96.22","3.64"," "," "," "," ","Amber","2011","Threatened","2015"," "," ","2,288 (1,392 - 3,396)","5,922 (4,177 - 8,346)","8,834 (2,884 - 36,603)","14,245 (5,110 - 56,025)"
"Fraser","Coho","CO","Lower Thompson","20,738","2020-2022",39,"not-assessed"," ","good","0","0","100"," "," "," "," ","Amber_green","2011","Threatened","2015"," "," ","4,728 (3,596 - 6,348)","11,400 (9,111 - 14,940)","3,833 (1,369 - 15,628)","6,184 (1,892 - 21,681)"
"Fraser","Coho","CO","South Thompson","15,367","2020-2022",39,"not-assessed"," ","good","0","18.68","81.32"," "," "," "," ","Amber","2011","Threatened","2015"," "," ","3,454 (2,567 - 5,450)","14,724 (10,062 - 17,908)","10,338 (4,039 - 40,462)","16,287 (7,681 - 61,588)"
"Fraser","Coho","CO","North Thompson","24,558","2020-2022",39,"not-assessed"," ","good","0","2.82","97.18"," "," "," "," ","Amber_green","2011","Threatened","2015"," "," ","8,797 (6,114 - 11,626)","21,166 (15,586 - 24,724)","16,464 (6,022 - 59,985)","25,158 (11,565 - 92,782)"
"Fraser","Coho","CO","Interior Fraser","10,861","2020-2022",39,"not-assessed"," ","good","0","0","100"," "," "," "," ","Amber","2011","Threatened","2015"," "," ","2,336 (1,800 - 3,067)","6,475 (5,069 - 7,915)","4,169 (1,586 - 17,131)","6,984 (3,189 - 26,065)"
"Fraser","Coho","CO","Lower Fraser"," ","",0,"data-deficient"," "," "," "," "," "," "," "," "," "," "," "," "," "," "," "," "," "," ",""
"Fraser","Coho","CO","Boundary Bay"," ","",0,"data-deficient"," "," "," "," "," "," "," "," "," "," "," "," "," "," "," "," "," "," ",""
"Fraser","Pink","PKO","Fraser River (odd)","9,542,025","2023-2023",34,"good","sr","good","0.26","36.66","63.08","good","0%","0.2%","99.8%","Green","2023"," "," "," "," ","2,026,245 (1,492,708 - 6,614,778)","8,684,073 (3,875,830 - 20,785,562)","1,562,721 (920,305 - 2,792,761)","5,427,179 (4,276,488 - 7,627,824)"
"Fraser","Sockeye","SEL","Chilliwack-Early Summer (cyclic)","4,276","2019-2022",46,"poor","sr","fair","0","97.12","2.88","poor","92.1%","3.1%","4.8%","Amber_green","2014","Not at risk","2015"," "," ","1,004 (402 - 1,676)","6,429 (4,192 - 14,271)","7,332 (763 - 23,078)","13,399 (0 - 41,134)"
"Fraser","Sockeye","SEL","Cultus-Late","233","2019-2022",46,"poor","absolute","poor","99.98","0.02","0"," "," "," "," ","Red","2014","Endangered","2015"," "," ","656 (388 - 871)","4,419 (3,133 - 9,784)"," ",""
"Fraser","Sockeye","SEL","Harrison-Downstream Migrating-Late","398","2019-2022",46,"poor","absolute","poor","91.2","8.8","0","poor","99.9%","0.1%","0%","Amber_green","2014","Special Concern","2015"," "," ","620 (307 - 1,546)","5,962 (2,886 - 12,109)","1,062 (479 - 2,611)","4,778 (3,231 - 9,138)"
"Fraser","Sockeye","SEL","Harrison-Upstream Migrating-Late","6,248","2019-2022",46,"poor","sr","poor","99.34","0.66","0","poor","99%","1%","0%","Red","2014","Endangered","2015"," "," ","24,842 (8,538 - 28,816)","62,704 (52,301 - 85,503)","15,686 (4,815 - 60,075)","84,177 (41,810 - 249,368)"
"Fraser","Sockeye","SEL","Pitt-Early Summer","10,825","2019-2022",46,"fair","sr","poor","96.12","3.88","0","fair","15.6%","84.4%","0%","Green","2014","Not at risk","2015"," "," ","15,857 (10,413 - 22,632)","42,446 (33,988 - 63,005)","7,202 (3,956 - 14,186)","22,512 (17,062 - 32,341)"
"Fraser","Sockeye","SEL","Lillooet-Harrison-Late","18,559","2019-2022",46,"poor","sr","poor","99.86","0.14","0","poor","89.4%","10.6%","0%","Amber","2014","Special Concern","2015"," "," ","43,084 (23,357 - 53,046)","159,653 (96,177 - 214,312)","26,411 (10,488 - 72,913)","89,769 (57,263 - 193,849)"
"Fraser","Sockeye","SEL","Nahatlatch-Early Summer","3,004","2019-2022",46,"fair","sr","fair","0.14","99.86","0","fair","0.8%","98.6%","0.6%","Amber","2014","Special Concern","2015"," "," ","1,904 (1,383 - 2,522)","5,436 (4,200 - 7,714)","748 (371 - 1,893)","4,233 (2,927 - 7,403)"
"Fraser","Sockeye","SEL","Anderson-Seton-Early Summer","9,246","2019-2022",46,"fair","sr","fair","0.06","99.94","0","fair","32.7%","67.3%","0%","Amber_green","2014","Not at risk","2015"," "," ","4,868 (4,176 - 7,378)","20,162 (15,759 - 32,240)","6,651 (2,875 - 17,611)","27,371 (16,912 - 59,063)"
"Fraser","Sockeye","SEL","Chilko-Early Summer","48,873","1986-1989",13,"data-deficient"," ","fair","0","89.8","10.2"," "," "," "," ","Green","2014","Not at risk","2015"," "," ","7,339 (4,156 - 16,534)","55,061 (36,815 - 107,130)"," ",""
"Fraser","Sockeye","SEL","Chilko-Summer","295,505","2019-2022",46,"fair","sr","fair","20.34","79.66","0","fair","0.7%","99.2%","0.1%","Green","2014","Not at risk","2015"," "," ","241,843 (184,390 - 349,605)","814,776 (581,768 - 862,185)","96,882 (47,432 - 204,909)","441,824 (329,208 - 721,117)"
"Fraser","Sockeye","SEL","Francois-Fraser-Summer","74,239","2019-2022",46,"fair","sr","fair","23.16","76.84","0","fair","8%","92%","0%","Amber_green","2014","Special Concern","2015"," "," ","63,088 (46,957 - 86,275)","157,788 (137,600 - 198,915)","32,363 (14,554 - 85,012)","140,765 (89,117 - 272,673)"
"Fraser","Sockeye","SEL","Nadina-Francois-Early Summer","41,381","2019-2022",46,"fair","sr","good","0","6.64","93.36","fair","3.1%","67.7%","29.2%","Amber_green","2014","Not at risk","2015"," "," ","6,303 (3,778 - 8,965)","30,543 (25,139 - 44,267)","12,997 (5,589 - 36,372)","43,015 (24,446 - 104,679)"
"Fraser","Sockeye","SEL","Quesnel-Summer (cyclic)","34,957","2019-2022",46,"poor","sr","fair","2.8","97.2","0","poor","100%","0%","0%","Red_amber","2014","Endangered","2015"," "," ","20,827 (6,988 - 35,726)","726,365 (250,881 - 1,247,237)","312,611 (152,144 - 655,387)","721,616 (377,972 - 1,482,123)"
"Fraser","Sockeye","SEL","Seton-Late (de novo)","863","2019-2022",46,"poor","absolute","poor","96.18","3.82","0","poor","100%","0%","0%","Red","2014","Endangered","2021"," "," ","1,716 (785 - 2,883)","12,181 (8,276 - 19,576)","3,814 (1,279 - 17,280)","20,040 (9,898 - 70,193)"
"Fraser","Sockeye","SEL","Takla-Trembleur-Stuart-Summer (cyclic)","31,079","2019-2022",46,"poor","sr","fair","0.88","99.12","0","poor","100%","0%","0%","Red_amber","2014","Endangered","2015"," "," ","13,960 (8,815 - 27,251)","146,651 (93,181 - 299,189)","103,172 (48,562 - 279,878)","345,884 (187,894 - 789,083)"
"Fraser","Sockeye","SEL","Takla-Trembleur-Early Stuart (cyclic)","1,377","2019-2022",46,"poor","absolute","poor","100","0","0","poor","100%","0%","0%","Red","2014","Endangered","2015"," "," ","24,043 (7,845 - 26,218)","98,165 (68,831 - 175,675)","92,667 (41,794 - 254,602)","201,990 (107,190 - 510,488)"
"Fraser","Sockeye","SEL","Taseko-Early Summer","534","2020-2022",38,"poor","absolute","fair","0","100","0"," "," "," "," ","Red","2014","Endangered","2015"," "," ","104 (74 - 248)","1,320 (1,085 - 1,812)"," ",""
"Fraser","Sockeye","SEL","Bowron-Early Summer","511","2019-2022",46,"poor","absolute","poor","100","0","0","poor","100%","0%","0%","Red","2014","Endangered","2015"," "," ","1,751 (1,090 - 2,566)","8,130 (5,291 - 10,276)","2,116 (847 - 7,840)","9,356 (5,543 - 26,451)"
"Fraser","Sockeye","SEL","Shuswap-Early Summer (cyclic)","15,729","2019-2022",46,"poor","sr","fair","8.42","91.58","0","poor","100%","0%","0%","Amber","2014","Not at risk","2015"," "," ","13,296 (9,455 - 19,206)","103,868 (73,208 - 169,304)","128,535 (59,195 - 309,022)","324,066 (167,804 - 726,040)"
"Fraser","Sockeye","SEL","Shuswap-Late (cyclic)","7,519","2019-2022",46,"poor","sr","poor","54.08","45.92","0","poor","100%","0%","0%","Amber_green","2014","Not at risk","2015"," "," ","10,108 (3,118 - 14,937)","1,119,784 (318,600 - 1,842,746)","583,384 (287,573 - 1,247,659)","1,151,690 (573,216 - 2,569,883)"
"Fraser","Sockeye","SEL","Kamloops-Early Summer","4,071","2019-2022",46,"poor","sr","fair","31.72","68.28","0","poor","74%","26%","0%","Amber","2014","Special Concern","2015"," "," ","2,853 (2,128 - 6,011)","20,349 (10,721 - 31,750)","4,652 (1,730 - 11,276)","21,931 (13,976 - 43,531)"
"Fraser","Sockeye","SER","Widgeon (river-type)","186","2019-2022",45,"poor","absolute","fair","2.58","97.42","0"," "," "," "," ","Red","2014","Threatened","2015"," "," ","137 (95 - 187)","634 (377 - 1,054)"," ",""
"Fraser","Sockeye","SER","Harrison River (river-type)","26,834","2019-2022",46,"fair","sr","fair","0","95.78","4.22","fair","42.9%","57.1%","0%","Green","2014","Not at risk","2015"," "," ","4,381 (2,577 - 12,975)","63,373 (24,317 - 126,451)","22,103 (11,233 - 45,036)","111,443 (74,984 - 185,156)"
"Fraser","Sockeye","SEL","North Barriere-Early Summer (de novo)","1,249","2019-2022",46,"poor","absolute","poor","99.54","0.46","0","poor","98.1%","1.9%","0%","Red","2014","Threatened","2021"," "," ","2,004 (1,449 - 3,564)","10,726 (7,239 - 15,289)","2,370 (822 - 8,166)","9,185 (5,635 - 24,859)"
"Fraser","Sockeye","SEL","Fraser-Early Summer"," ","",0,"data-deficient"," "," "," "," "," "," "," "," "," "," "," ","Endangered","2021"," "," "," "," "," ",""
"Fraser","Sockeye","SEL","Alouette-Early Summer"," ","",0,"data-deficient"," "," "," "," "," "," "," "," "," "," "," ","Special Concern","2021"," "," "," "," "," ",""
"Fraser","Sockeye","SEL","Coquitlam-Early Summer"," ","",0,"data-deficient"," "," "," "," "," "," "," "," "," "," "," ","Special Concern","2021"," "," "," "," "," ",""
"Fraser","Sockeye","SEL","Kawkawa-Late"," ","",0,"extinct"," "," "," "," "," "," "," "," "," "," "," "," "," "," "," "," "," "," ",""
"Fraser","Sockeye","SEL","Seton-Summer"," ","",0,"extinct"," "," "," "," "," "," "," "," "," "," "," ","Extinct","2021"," "," "," "," "," ",""
"Fraser","Sockeye","SEL","Adams-Early Summer"," ","",0,"extinct"," "," "," "," "," "," "," "," "," "," "," ","Extinct","2021"," "," "," "," "," ",""
"Fraser","Sockeye","SEL","Momich-Early Summer"," ","",0,"data-deficient"," "," "," "," "," "," "," "," "," "," "," ","Endangered","2021"," "," "," "," "," ",""
"Fraser","Sockeye","SEL","North Barriere-Early Summer"," ","",0,"extinct"," "," "," "," "," "," "," "," "," "," "," ","Extinct","2021"," "," "," "," "," ",""
"Fraser","Steelhead","SH","Mid Fraser Summer","47","2019-2023",104,"poor","percentile","poor","100","0","0","poor","100%","0%","0%"," "," ","Endangered","2020","Extreme Conservation Concern","2022","368 (99 - 459)","976 (417 - 1,815)","288 (153 - 668)","561 (387 - 1,025)"
"Fraser","Steelhead","SH","Thompson Summer","217","2019-2023",91,"poor","percentile","poor","99.98","0.02","0","poor","96.5%","3.5%","0%"," "," ","Endangered","2020","Extreme Conservation Concern","2022","768 (331 - 916)","1,678 (926 - 2,877)","395 (136 - 1,081)","891 (635 - 1,685)"
"Fraser","Steelhead","SH","Lower Fraser Winter"," ","",0,"data-deficient"," "," "," "," "," "," "," "," "," "," "," "," "," "," "," "," "," "," ",""
"Fraser","Steelhead","SH","Fraser Canyon Summer"," ","",0,"data-deficient"," "," "," "," "," "," "," "," "," "," "," "," "," "," "," "," "," "," ",""
"Fraser","Steelhead","SH","Lower Fraser Summer"," ","",0,"data-deficient"," "," "," "," "," "," "," "," "," "," "," "," "," "," "," "," "," "," ",""
"Fraser","Steelhead","SH","Boundary Bay Winter"," ","",0,"data-deficient"," "," "," "," "," "," "," "," "," "," "," "," "," "," "," "," "," "," ",""
"Haida Gwaii","Chinook","CK","North Haida Gwaii","6,488","2002-2006",25,"data-deficient","percentile","good","0","0","100"," "," "," "," "," "," "," "," "," "," ","2,250 (1,364 - 2,849)","4,532 (3,826 - 5,678)"," ",""
"Haida Gwaii","Chinook","CK","East Haida Gwaii"," ","",0,"data-deficient"," "," "," "," "," "," "," "," "," "," "," "," "," "," "," "," "," "," ",""
"Haida Gwaii","Chum","CM","North Haida Gwaii-Stanley Creek","311","2006-2010",43,"data-deficient","absolute","fair","27.42","72.58","0"," "," "," "," "," "," "," "," "," "," ","300 (122 - 506)","2,250 (1,211 - 3,038)"," ",""
"Haida Gwaii","Chum","CM","East Haida Gwaii","32,215","2017-2021",67,"poor","sr","poor","100","0","0","poor","99.6%","0.4%","0%"," "," "," "," "," "," ","107,288 (60,013 - 137,354)","236,192 (191,899 - 282,330)","59,577 (33,720 - 120,874)","134,732 (108,407 - 203,931)"
"Haida Gwaii","Chum","CM","North Haida Gwaii","8,670","2015-2019",62,"poor","sr","poor","99.02","0.98","0","poor","98.5%","1.5%","0%"," "," "," "," "," "," ","17,988 (9,585 - 25,529)","75,356 (42,403 - 96,213)","14,475 (8,405 - 20,754)","31,638 (24,724 - 41,339)"
"Haida Gwaii","Chum","CM","West Haida Gwaii","42,474","2017-2021",68,"fair","sr","poor","100","0","0","fair","5.5%","94.5%","0%"," "," "," "," "," "," ","64,860 (50,787 - 74,587)","120,892 (101,428 - 139,813)","29,969 (20,591 - 43,827)","63,374 (53,628 - 79,474)"
"Haida Gwaii","Chum","CM","Skidegate","47,349","2017-2021",68,"fair","sr","poor","84.7","15.3","0","fair","10.3%","89.7%","0%"," "," "," "," "," "," ","55,324 (41,660 - 68,840)","129,284 (99,753 - 140,415)","31,770 (22,013 - 55,437)","67,999 (54,861 - 92,736)"
"Haida Gwaii","Coho","CO","East Haida Gwaii","30,732","2019-2021",68,"poor","sr","poor","100","0","0","poor","57.4%","42.6%","0%"," "," "," "," "," "," ","47,249 (39,417 - 58,496)","90,019 (78,939 - 111,395)","31,592 (20,455 - 46,426)","57,692 (45,057 - 75,894)"
"Haida Gwaii","Coho","CO","West Haida Gwaii","14,406","2018-2020",50,"data-deficient","sr","fair","18.92","81.08","0","fair","5.1%","84.7%","10.2%"," "," "," "," "," "," ","11,808 (8,606 - 17,687)","44,292 (29,730 - 53,777)","8,693 (5,335 - 14,946)","17,330 (11,600 - 25,692)"
"Haida Gwaii","Coho","CO","Haida Gwaii-Graham Island Lowlands","69,362","2017-2019",60,"data-deficient","sr","poor","8.42","91.58","0","poor","62.6%","36.5%","0.9%"," "," "," "," "," "," ","69,454 (45,321 - 74,311)","193,518 (124,513 - 210,020)","67,264 (43,216 - 124,611)","109,969 (70,172 - 190,561)"
"Haida Gwaii","Pink","PKE","North Haida Gwaii (even)","1,376,401","2020-2020",33,"data-deficient","sr","fair","0","39.06","60.94","good","0%","0%","100%"," "," "," "," "," "," ","429,222 (318,995 - 697,161)","1,376,401 (841,446 - 1,919,332)","117,144 (404 - 242,048)","3,886 (0 - 424,213)"
"Haida Gwaii","Pink","PKE","East Haida Gwaii (even)","1,041,460","2020-2020",34,"data-deficient","sr","fair","0","50.04","49.96","good","0%","0.1%","99.9%"," "," "," "," "," "," ","463,736 (340,100 - 683,489)","1,057,760 (834,842 - 1,255,935)","73,321 (406 - 227,733)","859 (0 - 301,770)"
"Haida Gwaii","Pink","PKE","West Haida Gwaii (even)","16,773","2020-2020",34,"data-deficient","sr","poor","100","0","0","poor","90.4%","0.2%","9.4%"," "," "," "," "," "," ","146,486 (46,556 - 169,774)","372,309 (178,056 - 486,397)","59,066 (598 - 293,980)","0 (0 - 253,183)"
"Haida Gwaii","Pink","PKO","East Haida Gwaii (odd)","38,954","2021-2021",34,"fair","percentile","fair","2.58","94.3","3.12","good","8.6%","6.1%","85.3%"," "," "," "," "," "," ","24,225 (12,056 - 39,100)","74,579 (37,818 - 154,646)","7,329 (293 - 52,907)","57 (0 - 27,990)"
"Haida Gwaii","Pink","PKO","North Haida Gwaii (odd)"," ","",0,"data-deficient"," "," "," "," "," "," "," "," "," "," "," "," "," "," "," "," "," "," ",""
"Haida Gwaii","Pink","PKO","West Haida Gwaii (odd)"," ","",0,"data-deficient"," "," "," "," "," "," "," "," "," "," "," "," "," "," "," "," "," "," ",""
"Haida Gwaii","Sockeye","SER","East Haida Gwaii (river-type)"," ","",0,"data-deficient"," "," "," "," "," "," "," "," "," "," "," "," "," "," "," "," "," "," ",""
"Haida Gwaii","Sockeye","SER","North Haida Gwaii (river-type)"," ","",0,"data-deficient"," "," "," "," "," "," "," "," "," "," "," "," "," "," "," "," "," "," ",""
"Haida Gwaii","Sockeye","SER","West Haida Gwaii (river-type)"," ","",0,"data-deficient"," "," "," "," "," "," "," "," "," "," "," "," "," "," "," "," "," "," ",""
"Haida Gwaii","Sockeye","SEL","Ain-Skundale-Ian"," ","",0,"data-deficient"," "," "," "," "," "," "," "," "," "," "," "," "," "," "," "," "," "," ",""
"Haida Gwaii","Sockeye","SEL","Awun","6,714","2017-2021",62,"good","sr","fair","0","94.22","5.78","good","0%","1.7%","98.3%"," "," "," "," "," "," ","2,100 (1,651 - 3,946)","8,000 (6,337 - 12,797)","2,914 (2,501 - 3,118)","5,240 (3,410 - 6,679)"
"Haida Gwaii","Sockeye","SEL","Fairfax"," ","",0,"data-deficient"," "," "," "," "," "," "," "," "," "," "," "," "," "," "," "," "," "," ",""
"Haida Gwaii","Sockeye","SEL","Jalun"," ","",0,"data-deficient"," "," "," "," "," "," "," "," "," "," "," "," "," "," "," "," "," "," ",""
"Haida Gwaii","Sockeye","SEL","Marian/Eden","2,249","2017-2021",60,"poor","sr","poor","93.78","6.22","0","poor","99.5%","0.2%","0.3%"," "," "," "," "," "," ","3,000 (2,055 - 4,868)","13,650 (9,509 - 20,511)","4,515 (3,428 - 4,898)","7,887 (3,748 - 11,330)"
"Haida Gwaii","Sockeye","SEL","Mathers","2,241","2014-2016",28,"data-deficient","percentile","fair","0","86.22","13.78"," "," "," "," "," "," "," "," "," "," ","950 (563 - 1,329)","3,000 (1,904 - 4,044)"," ",""
"Haida Gwaii","Sockeye","SEL","Mercer","5,024","2014-2018",54,"data-deficient","sr","fair","1.62","98.38","0","good","0%","0%","100%"," "," "," "," "," "," ","4,000 (2,826 - 4,900)","10,000 (6,815 - 11,090)","86 (53 - 148)","2,360 (2,218 - 2,551)"
"Haida Gwaii","Sockeye","SEL","Skidegate","11,184","2017-2021",67,"good","sr","fair","22.96","77.04","0","good","0%","19.7%","80.3%"," "," "," "," "," "," ","10,000 (6,329 - 13,913)","30,000 (19,013 - 37,142)","3,244 (2,687 - 3,636)","10,712 (9,312 - 11,959)"
"Haida Gwaii","Sockeye","SEL","Yakoun","4,952","2017-2021",63,"fair","sr","poor","99.96","0.04","0","fair","1.4%","98.6%","0%"," "," "," "," "," "," ","7,000 (6,238 - 10,859)","21,500 (16,932 - 26,739)","4,618 (4,304 - 4,924)","9,990 (8,694 - 11,537)"
"Haida Gwaii","Sockeye","SEL","Marie"," ","",0,"data-deficient"," "," "," "," "," "," "," "," "," "," "," "," "," "," "," "," "," "," ",""
"Haida Gwaii","Steelhead","SH","Haida Gwaii Winter"," ","",0,"data-deficient"," "," "," "," "," "," "," "," "," "," "," "," "," "," "," "," "," "," ",""
"Nass","Chinook","CK","Portland Sound-Observatory Inlet-Lower Nass","2,052","2018-2022",37,"good","sr","fair","0","96.2","3.8","good","0%","0%","100%"," "," "," "," "," "," ","1,110 (1,058 - 1,287)","2,348 (2,022 - 2,604)","336 (214 - 507)","1,118 (977 - 1,313)"
"Nass","Chinook","CK","Upper Nass","12,294","2018-2022",37,"good","sr","fair","13.64","86.36","0","good","0%","3.5%","96.5%"," "," "," "," "," "," ","11,509 (9,556 - 13,270)","22,136 (18,941 - 23,408)","2,159 (1,303 - 3,891)","10,377 (8,915 - 12,235)"
"Nass","Chum","CM","Portland Inlet","17,552","2016-2019",65,"data-deficient","sr","fair","0.08","99.92","0","fair","0%","65.9%","34.1%"," "," "," "," "," "," ","13,311 (11,202 - 15,829)","33,194 (23,952 - 39,196)","5,768 (3,686 - 9,517)","17,650 (15,015 - 23,020)"
"Nass","Chum","CM","Lower Nass","11,874","2013-2016",30,"data-deficient","sr","fair","27.1","72.88","0.02","poor","76.4%","15.7%","7.9%"," "," "," "," "," "," ","6,775 (4,219 - 19,732)","54,200 (30,468 - 144,914)","14,323 (283 - 63,221)","34,438 (0 - 128,304)"
"Nass","Chum","CM","Portland Canal-Observatory","72,939","2019-2022",69,"good","sr","good","0","2.82","97.18","good","0%","0%","100%"," "," "," "," "," "," ","18,461 (15,117 - 26,670)","52,443 (43,335 - 73,446)","8,686 (5,488 - 15,099)","29,713 (24,150 - 38,634)"
"Nass","Coho","CO","Lower Nass","36,775","2020-2022",31,"fair","sr","fair","0","88.88","11.12","fair","0.9%","99.1%","0%"," "," "," "," "," "," ","12,496 (9,679 - 17,386)","50,784 (32,955 - 70,548)","15,555 (10,067 - 29,358)","66,545 (52,258 - 94,662)"
"Nass","Coho","CO","Upper Nass","89,227","2020-2022",31,"good","sr","fair","0","97.96","2.04","good","0%","0%","100%"," "," "," "," "," "," ","48,562 (44,127 - 55,771)","106,407 (89,789 - 121,540)","1,002 (477 - 2,150)","7,210 (5,625 - 9,918)"
"Nass","Coho","CO","Portland Sound-Observatory Inlet-Portland Canal","41,247","2020-2022",31,"fair","sr","good","0","19.24","80.76","fair","0.2%","81.7%","18.1%"," "," "," "," "," "," ","20,288 (11,707 - 22,855)","37,104 (32,681 - 45,070)","8,549 (4,232 - 20,928)","45,769 (32,655 - 73,481)"
"Nass","Pink","PKE","Upper Nass (even)"," ","",0,"data-deficient"," "," "," "," "," "," "," "," "," "," "," "," "," "," "," "," "," "," ",""
"Nass","Pink","PKO","Nass-Portland-Observatory (odd)","900,891","2021-2021",34,"good","sr","fair","0","57.18","42.82","good","0.1%","6.1%","93.8%"," "," "," "," "," "," ","254,901 (140,683 - 532,453)","929,747 (565,931 - 1,481,156)","197,298 (78,413 - 435,829)","544,032 (364,488 - 962,263)"
"Nass","Pink","PKO","Upper Nass (odd)"," ","",0,"data-deficient"," "," "," "," "," "," "," "," "," "," "," "," "," "," "," "," "," "," ",""
"Nass","Sockeye","SEL","Clements"," ","",0,"data-deficient"," "," "," "," "," "," "," "," "," "," "," "," "," "," "," "," "," "," ",""
"Nass","Sockeye","SEL","Leverson"," ","",0,"data-deficient"," "," "," "," "," "," "," "," "," "," "," "," "," "," "," "," "," "," ",""
"Nass","Sockeye","SEL","Bowser"," ","",0,"data-deficient"," "," "," "," "," "," "," "," "," "," "," "," "," "," "," "," "," "," ",""
"Nass","Sockeye","SEL","Damdochax","5,197","2018-2022",40,"good","sr","good","0","10.68","89.32","good","0%","0%","100%"," "," "," "," "," "," ","1,668 (936 - 2,092)","4,580 (3,170 - 5,806)","497 (386 - 638)","3,582 (3,248 - 3,936)"
"Nass","Sockeye","SEL","Fred Wright","3,007","2018-2022",38,"fair","sr","fair","0.44","99.56","0","fair","1.1%","98.9%","0%"," "," "," "," "," "," ","1,556 (938 - 2,673)","8,870 (7,450 - 14,258)","1,883 (1,291 - 2,800)","15,021 (12,962 - 17,177)"
"Nass","Sockeye","SEL","Kwinageese"," ","",0,"data-deficient"," "," "," "," "," "," "," "," "," "," "," "," "," "," "," "," "," ","775 (287 - 2,208)","5,484 (3,873 - 10,205)"
"Nass","Sockeye","SEL","Meziadin","159,003","2018-2022",41,"good","sr","fair","0.06","99.46","0.48","good","0%","0%","100%"," "," "," "," "," "," ","126,468 (108,107 - 145,153)","185,917 (167,599 - 255,670)","20,042 (16,541 - 24,644)","123,049 (113,631 - 134,588)"
"Nass","Sockeye","SEL","Oweegee"," ","",0,"data-deficient"," "," "," "," "," "," "," "," "," "," "," "," "," "," "," "," "," "," ",""
"Nass","Sockeye","SER","Lower Nass-Portland (river-type)","28,265","2019-2022",41,"good","sr","good","0","5.72","94.28","good","0.4%","8%","91.6%"," "," "," "," "," "," ","2,701 (2,263 - 6,963)","19,934 (10,598 - 31,532)","3,338 (1,076 - 11,764)","12,764 (7,567 - 34,340)"
"Nass","Sockeye","SER","Upper Nass River (river-type)","428","2019-2022",23,"poor","absolute","fair","0","92.64","7.36","good","2.9%","42.1%","54.9%"," "," "," "," "," "," ","197 (74 - 208)","552 (381 - 1,199)","46 (8 - 303)","345 (150 - 1,296)"
"Nass","Steelhead","SH","Nass Summer","10,366","2018-2022",58,"fair","percentile","fair","4.14","95.86","0"," "," "," "," "," "," "," "," "," "," ","7,924 (6,283 - 10,615)","17,454 (14,625 - 21,451)"," ",""
"Nass","Steelhead","SH","Nass Winter"," ","",0,"data-deficient"," "," "," "," "," "," "," "," "," "," "," "," "," "," "," "," "," "," ",""
"Northern Transboundary","Chinook","CK","Alsek","4,974","2019-2023",48,"poor","percentile","poor","40.4","59.58","0.02"," "," "," "," "," "," "," "," "," "," ","5,210 (3,099 - 7,143)","10,806 (6,693 - 15,297)"," ",""
"Northern Transboundary","Chinook","CK","Lynn Canal"," ","",0,"data-deficient"," "," "," "," "," "," "," "," "," "," "," "," "," "," "," "," "," "," ",""
"Northern Transboundary","Chinook","CK","Taku-Early Timing"," ","",0,"data-deficient"," "," "," "," "," "," "," "," "," "," "," "," "," "," "," "," "," "," ",""
"Northern Transboundary","Chinook","CK","Taku-Mid Timing"," ","",0,"data-deficient"," "," "," "," "," "," "," "," "," "," "," "," "," "," "," "," "," "," ",""
"Northern Transboundary","Chinook","CK","Taku-Late Timing"," ","",0,"data-deficient"," "," "," "," "," "," "," "," "," "," "," "," "," "," "," "," "," "," ",""
"Northern Transboundary","Chinook","CK","Whiting"," ","",0,"data-deficient"," "," "," "," "," "," "," "," "," "," "," "," "," "," "," "," "," "," ",""
"Northern Transboundary","Chinook","CK","Stikine-Early Timing"," ","",0,"data-deficient"," "," "," "," "," "," "," "," "," "," "," "," "," "," "," "," "," "," ",""
"Northern Transboundary","Chinook","CK","Stikine-Late Timing"," ","",0,"data-deficient"," "," "," "," "," "," "," "," "," "," "," "," "," "," "," "," "," "," ",""
"Northern Transboundary","Chinook","CK","Unuk"," ","",0,"data-deficient"," "," "," "," "," "," "," "," "," "," "," "," "," "," "," "," "," "," ",""
"Northern Transboundary","Chum","CM","Lynn Canal"," ","",0,"data-deficient"," "," "," "," "," "," "," "," "," "," "," "," "," "," "," "," "," "," ",""
"Northern Transboundary","Chum","CM","Taku"," ","",0,"data-deficient"," "," "," "," "," "," "," "," "," "," "," "," "," "," "," "," "," "," ",""
"Northern Transboundary","Chum","CM","Whiting"," ","",0,"data-deficient"," "," "," "," "," "," "," "," "," "," "," "," "," "," "," "," "," "," ",""
"Northern Transboundary","Chum","CM","Unuk"," ","",0,"data-deficient"," "," "," "," "," "," "," "," "," "," "," "," "," "," "," "," "," "," ",""
"Northern Transboundary","Chum","CM","Lower Stikine"," ","",0,"data-deficient"," "," "," "," "," "," "," "," "," "," "," "," "," "," "," "," "," "," ",""
"Northern Transboundary","Coho","CO","Alsek"," ","",0,"data-deficient"," "," "," "," "," "," "," "," "," "," "," "," "," "," "," "," "," "," ",""
"Northern Transboundary","Coho","CO","Lynn Canal"," ","",0,"data-deficient"," "," "," "," "," "," "," "," "," "," "," "," "," "," "," "," "," "," ",""
"Northern Transboundary","Coho","CO","Taku-Late Timing"," ","",0,"data-deficient"," "," "," "," "," "," "," "," "," "," "," "," "," "," "," "," "," "," ",""
"Northern Transboundary","Coho","CO","Whiting"," ","",0,"data-deficient"," "," "," "," "," "," "," "," "," "," "," "," "," "," "," "," "," "," ",""
"Northern Transboundary","Coho","CO","Lower Stikine"," ","",0,"data-deficient"," "," "," "," "," "," "," "," "," "," "," "," "," "," "," "," "," "," ",""
"Northern Transboundary","Coho","CO","Unuk"," ","",0,"data-deficient"," "," "," "," "," "," "," "," "," "," "," "," "," "," "," "," "," "," ",""
"Northern Transboundary","Coho","CO","Taku-Early Timing"," ","",0,"data-deficient"," "," "," "," "," "," "," "," "," "," "," "," "," "," "," "," "," "," ",""
"Northern Transboundary","Coho","CO","Taku-Mid Timing"," ","",0,"data-deficient"," "," "," "," "," "," "," "," "," "," "," "," "," "," "," "," "," "," ",""
"Northern Transboundary","Pink","PKE","Transboundary Fjords (even)"," ","",0,"data-deficient"," "," "," "," "," "," "," "," "," "," "," "," "," "," "," "," "," "," ",""
"Northern Transboundary","Pink","PKO","Transboundary Fjords (odd)"," ","",0,"data-deficient"," "," "," "," "," "," "," "," "," "," "," "," "," "," "," "," "," "," ",""
"Northern Transboundary","Sockeye","SER","Alsek (river-type)"," ","",0,"data-deficient"," "," "," "," "," "," "," "," "," "," "," "," "," "," "," "," "," "," ",""
"Northern Transboundary","Sockeye","SER","Chilkat (river-type)"," ","",0,"data-deficient"," "," "," "," "," "," "," "," "," "," "," "," "," "," "," "," "," "," ",""
"Northern Transboundary","Sockeye","SER","Northern Transboundary Fjords (river-type)"," ","",0,"data-deficient"," "," "," "," "," "," "," "," "," "," "," "," "," "," "," "," "," "," ",""
"Northern Transboundary","Sockeye","SEL","Border"," ","",0,"data-deficient"," "," "," "," "," "," "," "," "," "," "," "," "," "," "," "," "," "," ",""
"Northern Transboundary","Sockeye","SEL","Christina"," ","",0,"data-deficient"," "," "," "," "," "," "," "," "," "," "," "," "," "," "," "," "," "," ",""
"Northern Transboundary","Sockeye","SEL","Tahltan","10,746","2019-2023",30,"fair","percentile","fair","3.42","96.58","0"," "," "," "," "," "," "," "," "," "," ","9,305 (7,519 - 10,915)","23,216 (17,183 - 25,659)"," ",""
"Northern Transboundary","Sockeye","SEL","Kuthai","388","2019-2023",34,"poor","absolute","poor","69.84","30.16","0"," "," "," "," "," "," "," "," "," "," ","656 (180 - 1,520)","4,122 (1,885 - 5,789)"," ",""
"Northern Transboundary","Sockeye","SEL","Little Trapper","8,358","2019-2023",41,"fair","percentile","fair","4.1","95.8","0.1"," "," "," "," "," "," "," "," "," "," ","6,376 (4,923 - 8,597)","13,084 (9,638 - 17,562)"," ",""
"Northern Transboundary","Sockeye","SEL","Tatsamenie","5,153","2019-2023",29,"fair","percentile","fair","0.02","92.3","7.68"," "," "," "," "," "," "," "," "," "," ","1,937 (1,245 - 3,160)","7,682 (4,416 - 15,367)"," ",""
"Northern Transboundary","Sockeye","SEL","Blanchard"," ","",0,"data-deficient"," "," "," "," "," "," "," "," "," "," "," "," "," "," "," "," "," "," ",""
"Northern Transboundary","Sockeye","SEL","King Salmon","7,532","2020-2023",20,"good","percentile","good","0","1.88","98.12"," "," "," "," "," "," "," "," "," "," ","1,012 (390 - 2,631)","4,472 (2,433 - 7,227)"," ",""
"Northern Transboundary","Sockeye","SEL","Chutine"," ","",0,"data-deficient"," "," "," "," "," "," "," "," "," "," "," "," "," "," "," "," "," "," ",""
"Northern Transboundary","Sockeye","SEL","Whiting"," ","",0,"data-deficient"," "," "," "," "," "," "," "," "," "," "," "," "," "," "," "," "," "," ",""
"Northern Transboundary","Sockeye","SEL","Klukshu","15,297","2019-2023",48,"fair","percentile","fair","0","97.86","2.14"," "," "," "," "," "," "," "," "," "," ","7,852 (5,764 - 11,483)","18,597 (15,402 - 23,080)"," ",""
"Northern Transboundary","Sockeye","SEL","Nesketahin","388","2019-2023",35,"poor","absolute","poor","55.28","44.72","0"," "," "," "," "," "," "," "," "," "," ","422 (207 - 1,144)","2,286 (1,668 - 3,839)"," ",""
"Northern Transboundary","Steelhead","SH","Alsek Summer"," ","",0,"data-deficient"," "," "," "," "," "," "," "," "," "," "," "," "," "," "," "," "," "," ",""
"Northern Transboundary","Steelhead","SH","Taku Summer"," ","",0,"data-deficient"," "," "," "," "," "," "," "," "," "," "," "," "," "," "," "," "," "," ",""
"Northern Transboundary","Steelhead","SH","Taku Winter"," ","",0,"data-deficient"," "," "," "," "," "," "," "," "," "," "," "," "," "," "," "," "," "," ",""
"Northern Transboundary","Steelhead","SH","Stikine Summer"," ","",0,"data-deficient"," "," "," "," "," "," "," "," "," "," "," "," "," "," "," "," "," "," ",""
"Northern Transboundary","Steelhead","SH","Stikine Winter"," ","",0,"data-deficient"," "," "," "," "," "," "," "," "," "," "," "," "," "," "," "," "," "," ",""
"Skeena","Chinook","CK","Ecstall","1,514","2000-2001",16,"data-deficient"," ","fair","0.1","99.9","0"," "," "," "," "," "," "," "," "," "," ","1,311 (981 - 1,371)","2,840 (1,907 - 5,165)"," ",""
"Skeena","Chinook","CK","Kalum-Early","837","2006-2011",31,"data-deficient","absolute","poor","68.74","31.26","0"," "," "," "," "," "," "," "," "," "," ","890 (686 - 1,065)","1,602 (1,334 - 1,841)"," ",""
"Skeena","Chinook","CK","Kalum-Late","7,502","2015-2020",37,"good","sr","poor","47.66","52.34","0","good","0%","2%","98%"," "," "," "," "," "," ","8,046 (6,405 - 8,592)","11,709 (10,860 - 14,621)","1,251 (532 - 3,025)","5,065 (4,208 - 6,867)"
"Skeena","Chinook","CK","Lower Skeena","1,359","2015-2020",37,"poor","absolute","poor","99.92","0.08","0","fair","12%","88%","0%"," "," "," "," "," "," ","1,951 (1,573 - 2,178)","3,772 (3,339 - 4,886)","674 (247 - 1,781)","2,022 (1,497 - 3,441)"
"Skeena","Chinook","CK","Upper Skeena","1,721","2015-2020",37,"fair","sr","poor","96.94","3.06","0","fair","41%","59%","0%"," "," "," "," "," "," ","2,197 (1,688 - 3,355)","6,315 (4,308 - 8,867)","1,283 (575 - 3,725)","4,409 (3,222 - 9,028)"
"Skeena","Chinook","CK","Middle Skeena-Mainstem Tributaries","3,000","2015-2020",37,"fair","sr","poor","99.92","0.08","0","fair","20.9%","79.1%","0%"," "," "," "," "," "," ","4,353 (3,513 - 5,933)","12,456 (9,281 - 14,406)","1,816 (745 - 4,702)","6,875 (5,060 - 11,462)"
"Skeena","Chinook","CK","Upper Bulkley River","1,927","2001-2006",26,"data-deficient","percentile","good","0","42.42","57.58"," "," "," "," "," "," "," "," "," "," ","536 (375 - 784)","1,626 (1,218 - 2,728)"," ",""
"Skeena","Chinook","CK","Middle Skeena-Large Lakes","9,792","2015-2020",37,"fair","sr","poor","94.66","5.34","0","fair","13.6%","86.4%","0%"," "," "," "," "," "," ","12,548 (9,383 - 15,028)","27,563 (22,334 - 35,564)","4,613 (1,782 - 13,458)","17,039 (12,551 - 31,021)"
"Skeena","Chinook","CK","Skeena Estuary"," ","",0,"data-deficient"," "," "," "," "," "," "," "," "," "," "," "," "," "," "," "," "," "," ",""
"Skeena","Chinook","CK","Lakelse"," ","",0,"data-deficient"," "," "," "," "," "," "," "," "," "," "," "," "," "," "," "," "," "," ",""
"Skeena","Chinook","CK","Zymoetz","927","2015-2020",37,"poor","absolute","poor","100","0","0","fair","19.8%","80.2%","0.1%"," "," "," "," "," "," ","1,465 (1,195 - 1,874)","2,994 (2,512 - 3,470)","505 (212 - 1,569)","1,564 (1,067 - 2,865)"
"Skeena","Chum","CM","Lower Skeena","1,824","2014-2017",61,"data-deficient","sr","poor","100","0","0","poor","100%","0%","0%"," "," "," "," "," "," ","6,265 (3,937 - 7,792)","19,463 (12,744 - 23,594)","8,745 (5,713 - 15,897)","17,685 (11,522 - 27,706)"
"Skeena","Chum","CM","Middle Skeena","861","2014-2017",57,"data-deficient","absolute","fair","1.42","98.5","0.08"," "," "," "," "," "," "," "," "," "," ","665 (336 - 817)","3,576 (1,217 - 3,447)"," ",""
"Skeena","Chum","CM","Skeena Estuary","407","2016-2017",40,"data-deficient","absolute","fair","82.9","17.1","0"," "," "," "," "," "," "," "," "," "," ","327 (295 - 1,000)","1,871 (1,611 - 4,778)"," ",""
"Skeena","Chum","CM","Upper Skeena"," ","",0,"data-deficient"," "," "," "," "," "," "," "," "," "," "," "," "," "," "," "," "," "," ",""
"Skeena","Coho","CO","Lower Skeena","66,743","2015-2017",63,"data-deficient","sr","fair","47.84","52.16","0","poor","79.5%","20.5%","0%"," "," "," "," "," "," ","63,168 (51,280 - 85,846)","160,566 (129,302 - 221,992)","73,739 (45,270 - 148,176)","203,659 (136,081 - 320,639)"
"Skeena","Coho","CO","Middle Skeena","167,245","2015-2017",64,"data-deficient","sr","good","0","13.02","86.98","good","0%","0.2%","99.8%"," "," "," "," "," "," ","50,513 (32,300 - 69,692)","164,913 (100,310 - 189,883)","24,470 (16,515 - 43,850)","95,774 (78,069 - 129,751)"
"Skeena","Coho","CO","Skeena Estuary","4,457","2013-2014",52,"data-deficient","percentile","poor","72.44","27.56","0"," "," "," "," "," "," "," "," "," "," ","4,659 (3,805 - 5,936)","14,275 (8,652 - 17,373)"," ",""
"Skeena","Coho","CO","Upper Skeena","12,914","2015-2017",34,"data-deficient","sr","fair","0","85.86","14.14","good","0.1%","3.2%","96.7%"," "," "," "," "," "," ","5,848 (6,306 - 8,426)","14,498 (12,136 - 16,537)","2,235 (1,086 - 5,403)","7,873 (5,991 - 12,146)"
"Skeena","Pink","PKO","Lower Skeena River (odd)","176,055","2017-2017",32,"data-deficient","sr","poor","100","0","0","poor","90.2%","9.8%","0%"," "," "," "," "," "," ","567,705 (450,085 - 822,469)","1,867,208 (1,440,059 - 2,761,071)","247,674 (115,293 - 516,307)","919,886 (677,597 - 1,358,030)"
"Skeena","Pink","PKO","Middle-Upper Skeena (odd)","853,053","2017-2017",32,"data-deficient","sr","fair","1.88","98","0.12","fair","0.2%","55.3%","44.5%"," "," "," "," "," "," ","558,574 (373,802 - 834,490)","1,363,952 (1,009,136 - 1,931,413)","246,993 (129,511 - 519,258)","845,423 (596,662 - 1,256,885)"
"Skeena","Pink","PKE","Middle-Upper Skeena (even)","160,195","2016-2016",32,"data-deficient","sr","fair","45.72","54.28","0","poor","67.2%","32.7%","0.1%"," "," "," "," "," "," ","158,829 (105,318 - 245,588)","611,509 (356,622 - 927,617)","161,708 (69,064 - 444,466)","406,418 (253,631 - 887,629)"
"Skeena","Pink","PKE","Nass-Skeena Estuary (even)","6,047,266","2022-2022",35,"good","sr","good","0","0","100","good","0%","0%","100%"," "," "," "," "," "," ","681,988 (447,622 - 1,109,966)","2,498,250 (1,598,080 - 3,252,446)","242,257 (114,509 - 481,887)","880,901 (702,531 - 1,243,388)"
"Skeena","Pink","PKO","Nass-Skeena Estuary (odd)","104,406","2017-2017",32,"data-deficient","sr","fair","13","86.94","0.06","poor","79%","20.9%","0.1%"," "," "," "," "," "," ","86,792 (46,037 - 132,773)","290,486 (158,464 - 478,951)","109,998 (47,363 - 451,546)","248,160 (133,980 - 800,058)"
"Skeena","Sockeye","SEL","Alastair","5,485","2017-2022",63,"poor","sr","poor","95.56","4.44","0","poor","100%","0%","0%"," "," "," "," "," "," ","8,881 (5,116 - 11,856)","23,566 (19,398 - 29,047)","9,413 (8,804 - 10,073)","18,238 (13,492 - 22,811)"
"Skeena","Sockeye","SEL","Ecstall/Lower"," ","",0,"data-deficient"," "," "," "," "," "," "," "," "," "," "," "," "," "," "," "," "," "," ",""
"Skeena","Sockeye","SEL","Johnston","280","2019-2023",34,"poor","absolute","poor","99.94","0.06","0","poor","99.9%","0%","0%"," "," "," "," "," "," ","850 (451 - 1,391)","6,389 (2,162 - 7,278)","2,487 (1,100 - 2,773)","8,620 (3,595 - 11,345)"
"Skeena","Sockeye","SEL","Kitsumkalum","20,312","2020-2023",61,"good","sr","fair","0.32","56.42","43.26","good","0%","0%","100%"," "," "," "," "," "," ","2,127 (1,954 - 14,186)","21,452 (8,422 - 57,109)","3,740 (3,187 - 4,207)","12,335 (10,813 - 14,166)"
"Skeena","Sockeye","SEL","Lakelse","9,545","2019-2023",62,"fair","sr","fair","16.54","83.46","0","fair","0%","92.6%","7.4%"," "," "," "," "," "," ","6,561 (5,488 - 11,143)","20,690 (15,580 - 27,520)","8,551 (6,863 - 9,297)","12,850 (8,147 - 17,566)"
"Skeena","Sockeye","SEL","Mcdonell/Dennis/Aldrich","2,763","2019-2023",54,"good","sr","fair","4.2","95.8","0","good","0%","8.9%","91.1%"," "," "," "," "," "," ","1,525 (1,154 - 3,042)","5,972 (5,053 - 6,914)","713 (608 - 816)","2,587 (2,358 - 2,863)"
"Skeena","Sockeye","SEL","Babine/Onerka","15,862","2019-2023",64,"poor","sr","poor","100","0","0","poor","100%","0%","0%"," "," "," "," "," "," ","26,627 (20,148 - 31,484)","62,766 (52,972 - 79,558)","390,843 (260,788 - 442,428)","525,077 (282,533 - 774,544)"
"Skeena","Sockeye","SEL","Bulkley/Maxan"," ","",0,"data-deficient"," "," "," "," "," "," "," "," "," "," "," "," "," "," "," "," "," "," ",""
"Skeena","Sockeye","SEL","Gitanyow (Kitwanga/Kitwancool)","485","2019-2023",36,"poor","absolute","fair","41.76","58.24","0","poor","99.8%","0%","0.2%"," "," "," "," "," "," ","389 (317 - 685)","1,669 (1,549 - 4,180)","12,589 (4,778 - 13,660)","20,676 (0 - 33,790)"
"Skeena","Sockeye","SEL","Morice/Atna","22,419","2018-2023",63,"poor","sr","good","0","12.02","87.98","poor","100%","0%","0%"," "," "," "," "," "," ","3,962 (2,125 - 6,998)","15,962 (8,955 - 28,555)","53,407 (48,948 - 56,736)","112,271 (76,211 - 144,369)"
"Skeena","Sockeye","SEL","Nilkitkwa","46,363","2019-2023",64,"poor","sr","poor","100","0","0","poor","95.1%","4.9%","0%"," "," "," "," "," "," ","109,920 (74,667 - 139,254)","273,422 (190,558 - 356,815)","75,746 (34,195 - 181,692)","205,661 (140,786 - 376,059)"
"Skeena","Sockeye","SEL","Stephens","11,724","2019-2023",61,"fair","sr","fair","5.6","94.4","0","fair","8%","86.8%","5.3%"," "," "," "," "," "," ","10,292 (7,182 - 12,043)","20,340 (17,381 - 24,905)","4,653 (1,683 - 14,259)","14,970 (9,104 - 32,319)"
"Skeena","Sockeye","SEL","Tahlo/Morrison","10,184","2019-2023",64,"fair","sr","fair","12.4","87.6","0","fair","40.1%","59.9%","0%"," "," "," "," "," "," ","8,054 (6,909 - 11,618)","31,573 (22,709 - 37,196)","10,131 (8,937 - 10,920)","25,435 (20,068 - 29,721)"
"Skeena","Sockeye","SEL","Asitika","453","2019-2023",38,"poor","absolute","fair","0.14","99.86","0","fair","0%","99.4%","0.6%"," "," "," "," "," "," ","209 (109 - 380)","1,110 (916 - 1,404)","146 (97 - 208)","737 (553 - 867)"
"Skeena","Sockeye","SEL","Azuklotz","3,271","2019-2023",54,"poor","sr","fair","0","96.08","3.92","poor","96.2%","3%","0.9%"," "," "," "," "," "," ","1,038 (532 - 1,645)","4,896 (3,153 - 6,119)","4,003 (3,344 - 4,352)","7,745 (4,297 - 11,725)"
"Skeena","Sockeye","SEL","Bear","2,728","2019-2023",49,"poor","sr","fair","0","86.7","13.3","poor","100%","0%","0%"," "," "," "," "," "," ","698 (369 - 1,370)","6,011 (2,107 - 6,948)","20,586 (18,680 - 21,866)","44,558 (30,111 - 56,215)"
"Skeena","Sockeye","SEL","Damshilgwit","360","2020-2023",23,"poor","absolute","fair","0","100","0","fair","0%","100%","0%"," "," "," "," "," "," ","294 (218 - 319)","594 (419 - 768)","137 (86 - 212)","1,751 (1,553 - 1,935)"
"Skeena","Sockeye","SEL","Johanson","322","2019-2023",46,"poor","absolute","fair","0","95.38","4.62"," "," "," "," "," "," "," "," "," "," ","100 (79 - 203)","393 (307 - 554)"," ",""
"Skeena","Sockeye","SEL","Kluatantan"," ","",0,"data-deficient"," "," "," "," "," "," "," "," "," "," "," "," "," "," "," "," "," "," ",""
"Skeena","Sockeye","SEL","Kluayaz"," ","",0,"data-deficient"," "," "," "," "," "," "," "," "," "," "," "," "," "," "," "," "," "," ",""
"Skeena","Sockeye","SEL","Motase","179","2019-2023",37,"poor","absolute","fair","53.94","46.06","0","poor","100%","0%","0%"," "," "," "," "," "," ","171 (106 - 265)","600 (475 - 696)","1,306 (868 - 1,445)","2,197 (887 - 3,632)"
"Skeena","Sockeye","SEL","Sicintine"," ","",0,"data-deficient"," "," "," "," "," "," "," "," "," "," "," "," "," "," "," "," "," "," ",""
"Skeena","Sockeye","SEL","Slamgeesh"," ","",0,"data-deficient"," "," "," "," "," "," "," "," "," "," "," "," "," "," "," "," "," ","390 (304 - 437)","664 (357 - 969)"
"Skeena","Sockeye","SEL","Spawning"," ","",0,"data-deficient"," "," "," "," "," "," "," "," "," "," "," "," "," "," "," "," "," "," ",""
"Skeena","Sockeye","SEL","Sustut","1,469","2019-2023",48,"poor","absolute","fair","0","53.2","46.8","fair","0%","99.8%","0.2%"," "," "," "," "," "," ","288 (195 - 605)","1,642 (1,006 - 2,185)","1,136 (824 - 1,317)","3,470 (2,341 - 4,542)"
"Skeena","Sockeye","SEL","Babine (enhanced)","437,369","2019-2023",64,"fair","sr","fair","0","99.36","0.64","fair","1.1%","59.5%","39.5%"," "," "," "," "," "," ","294,656 (250,108 - 373,930)","504,712 (452,142 - 575,798)","82,025 (25,993 - 286,446)","404,564 (268,984 - 927,272)"
"Skeena","Sockeye","SER","Skeena River-High Interior (river-type)","196","2015-2019",15,"data-deficient"," ","good","0","3.08","96.92"," "," "," "," "," "," "," "," "," "," ","62 (18 - 73)","165 (109 - 199)"," ",""
"Skeena","Sockeye","SER","Skeena River (river-type)"," ","",0,"data-deficient"," "," "," "," "," "," "," "," "," "," "," "," "," "," "," "," "," "," ",""
"Skeena","Sockeye","SEL","Footsore/Hodder"," ","",0,"data-deficient"," "," "," "," "," "," "," "," "," "," "," "," "," "," "," "," "," "," ",""
"Skeena","Sockeye","SEL","Prudhomme","679","2015-2019",58,"poor","absolute","poor","100","0","0","poor","75.5%","24.5%","0%"," "," "," "," "," "," ","2,051 (1,820 - 3,718)","8,500 (5,425 - 9,509)","721 (595 - 849)","2,680 (2,372 - 2,987)"
"Skeena","Sockeye","SEL","Shawatlan","1,862","2013-2015",49,"data-deficient","sr","poor","65.84","34.16","0","fair","0%","91.5%","8.5%"," "," "," "," "," "," ","2,000 (1,472 - 2,615)","6,600 (4,499 - 7,148)","666 (559 - 767)","2,113 (1,767 - 2,397)"
"Skeena","Steelhead","SH","Upper Skeena Headwaters"," ","",0,"data-deficient"," "," "," "," "," "," "," "," "," "," "," "," "," "," "," "," "," "," ",""
"Skeena","Steelhead","SH","Upper Sustut","223","2020-2024",60,"poor","absolute","poor","97.78","2.22","0"," "," "," "," "," "," "," "," ","Conservation Concern","2018","284 (226 - 502)","1,024 (654 - 1,246)"," ",""
"Skeena","Steelhead","SH","Upper Skeena"," ","",0,"data-deficient"," "," "," "," "," "," "," "," "," "," "," "," "," "," "," "," "," "," ",""
"Skeena","Steelhead","SH","Kispiox"," ","",0,"data-deficient"," "," "," "," "," "," "," "," "," "," "," "," "," "," "," "," "," "," ",""
"Skeena","Steelhead","SH","Babine"," ","",0,"data-deficient"," "," "," "," "," "," "," "," "," "," "," "," "," "," "," "," "," "," ",""
"Skeena","Steelhead","SH","Middle Skeena"," ","",0,"data-deficient"," "," "," "," "," "," "," "," "," "," "," "," "," "," "," "," "," "," ",""
"Skeena","Steelhead","SH","Suskwa"," ","",0,"data-deficient"," "," "," "," "," "," "," "," "," "," "," "," "," "," "," "," "," "," ",""
"Skeena","Steelhead","SH","Bulkley","27,186","2008-2012",28,"data-deficient"," ","fair","0","62.96","37.04"," "," "," "," "," "," "," "," "," "," ","15,740 (15,021 - 17,546)","27,479 (25,432 - 31,099)"," ",""
"Skeena","Steelhead","SH","Skeena Coastal Summers"," ","",0,"data-deficient"," "," "," "," "," "," "," "," "," "," "," "," "," "," "," "," "," "," ",""
"Skeena","Steelhead","SH","Morice","27,186","2008-2012",28,"data-deficient"," ","fair","0","63.46","36.54"," "," "," "," "," "," "," "," "," "," ","15,740 (14,977 - 17,494)","27,479 (25,506 - 31,257)"," ",""
"Skeena","Steelhead","SH","Skeena Coastal Winters"," ","",0,"data-deficient"," "," "," "," "," "," "," "," "," "," "," "," "," "," "," "," "," "," ",""
"West Vancouver Island","Chinook","CK","West Vancouver Island-South (Fall x-1)","48,607","2014-2018",24,"data-deficient"," ","fair","0","99.5","0.5"," "," "," "," ","Red","2012","Threatened","2018"," "," ","34,700 (30,890 - 43,049)","58,225 (50,796 - 66,927)"," ",""
"West Vancouver Island","Chinook","CK","West Vancouver Island-Nootka and Kyuquot (Fall x-1)","30,282","2014-2018",24,"data-deficient"," ","fair","0","84.1","15.9"," "," "," "," ","Red","2012","Threatened","2018"," "," ","20,250 (13,511 - 21,985)","33,470 (28,043 - 46,259)"," ",""
"West Vancouver Island","Chinook","CK","West Vancouver Island-North (Fall x-1)","2,281","2014-2018",20,"data-deficient"," ","fair","21.68","78.32","0"," "," "," "," "," "," ","Data Deficient","2018"," "," ","2,262 (1,707 - 2,462)","3,736 (3,624 - 4,581)"," ",""
"West Vancouver Island","Chum","CM","Northwest Vancouver Island","74,201","2012-2015",63,"data-deficient","sr","good","0","41.24","58.76","good","0%","0%","100%"," "," "," "," "," "," ","24,811 (20,660 - 31,455)","73,650 (56,023 - 93,177)","11,421 (7,442 - 17,074)","24,168 (19,103 - 30,406)"
"West Vancouver Island","Chum","CM","Southwest & West Vancouver Island","180,277","2012-2015",63,"data-deficient","sr","poor","88.82","11.18","0","good","0%","5.9%","94.1%"," "," "," "," "," "," ","204,064 (162,862 - 254,726)","433,640 (323,159 - 472,856)","64,598 (34,070 - 102,851)","145,684 (122,869 - 187,535)"
"West Vancouver Island","Coho","CO","Juan de Fuca-Pachena"," ","",0,"data-deficient"," "," "," "," "," "," "," "," "," "," "," "," "," "," "," "," "," "," ",""
"West Vancouver Island","Coho","CO","West Vancouver Island"," ","",0,"data-deficient"," "," "," "," "," "," "," "," "," "," "," "," "," "," "," "," "," "," ",""
"West Vancouver Island","Coho","CO","Clayoquot"," ","",0,"data-deficient"," "," "," "," "," "," "," "," "," "," "," "," "," "," "," "," "," "," ",""
"West Vancouver Island","Pink","PKE","West Vancouver Island (even)"," ","",0,"data-deficient"," "," "," "," "," "," "," "," "," "," "," "," "," "," "," "," "," "," ",""
"West Vancouver Island","Pink","PKE","Northwest Vancouver Island (even)"," ","",0,"data-deficient"," "," "," "," "," "," "," "," "," "," "," "," "," "," "," "," "," "," ",""
"West Vancouver Island","Pink","PKO","West Vancouver Island (odd)"," ","",0,"data-deficient"," "," "," "," "," "," "," "," "," "," "," "," "," "," "," "," "," "," ",""
"West Vancouver Island","Sockeye","SEL","Alice"," ","",0,"data-deficient"," "," "," "," "," "," "," "," "," "," "," "," "," "," "," "," "," "," ",""
"West Vancouver Island","Sockeye","SEL","Canoe Creek"," ","",0,"data-deficient"," "," "," "," "," "," "," "," "," "," "," "," "," "," "," "," "," "," ",""
"West Vancouver Island","Sockeye","SEL","Cecilia"," ","",0,"data-deficient"," "," "," "," "," "," "," "," "," "," "," "," "," "," "," "," "," "," ",""
"West Vancouver Island","Sockeye","SEL","Cheewat"," ","",0,"data-deficient"," "," "," "," "," "," "," "," "," "," "," "," "," "," "," "," "," "," ",""
"West Vancouver Island","Sockeye","SEL","Clayoquot"," ","",0,"data-deficient"," "," "," "," "," "," "," "," "," "," "," "," "," "," "," "," "," "," ",""
"West Vancouver Island","Sockeye","SEL","Deserted"," ","",0,"data-deficient"," "," "," "," "," "," "," "," "," "," "," "," "," "," "," "," "," "," ",""
"West Vancouver Island","Sockeye","SEL","Fairy"," ","",0,"data-deficient"," "," "," "," "," "," "," "," "," "," "," "," "," "," "," "," "," "," ",""
"West Vancouver Island","Sockeye","SEL","Great Central","96,155","2016-2020",48,"fair","sr","poor","98.34","1.66","0","fair","8.1%","89.4%","2.5%"," "," "," "," "," "," ","137,417 (98,339 - 158,832)","252,355 (211,061 - 320,648)","30,274 (9,304 - 111,019)","126,985 (87,339 - 246,262)"
"West Vancouver Island","Sockeye","SEL","Henderson"," ","",53,"data-deficient"," "," "," "," "," "," "," "," "," "," "," "," "," "," "," "," "," "," ",""
"West Vancouver Island","Sockeye","SEL","Hesquiat"," ","",0,"data-deficient"," "," "," "," "," "," "," "," "," "," "," "," "," "," "," "," "," "," ",""
"West Vancouver Island","Sockeye","SEL","Hobiton"," ","",0,"data-deficient"," "," "," "," "," "," "," "," "," "," "," "," "," "," "," "," "," "," ",""
"West Vancouver Island","Sockeye","SEL","Jansen"," ","",0,"data-deficient"," "," "," "," "," "," "," "," "," "," "," "," "," "," "," "," "," "," ",""
"West Vancouver Island","Sockeye","SEL","Kanim"," ","",0,"data-deficient"," "," "," "," "," "," "," "," "," "," "," "," "," "," "," "," "," "," ",""
"West Vancouver Island","Sockeye","SEL","Kennedy"," ","",0,"data-deficient"," "," "," "," "," "," "," "," "," "," "," "," "," "," "," "," "," "," ",""
"West Vancouver Island","Sockeye","SEL","Maggie"," ","",0,"data-deficient"," "," "," "," "," "," "," "," "," "," "," "," "," "," "," "," "," "," ",""
"West Vancouver Island","Sockeye","SEL","Megin"," ","",0,"data-deficient"," "," "," "," "," "," "," "," "," "," "," "," "," "," "," "," "," "," ",""
"West Vancouver Island","Sockeye","SEL","Muchalat"," ","",0,"data-deficient"," "," "," "," "," "," "," "," "," "," "," "," "," "," "," "," "," "," ",""
"West Vancouver Island","Sockeye","SEL","Muriel"," ","",0,"data-deficient"," "," "," "," "," "," "," "," "," "," "," "," "," "," "," "," "," "," ",""
"West Vancouver Island","Sockeye","SEL","Nitinat"," ","",0,"data-deficient"," "," "," "," "," "," "," "," "," "," "," "," "," "," "," "," "," "," ",""
"West Vancouver Island","Sockeye","SEL","O'Connell"," ","",0,"data-deficient"," "," "," "," "," "," "," "," "," "," "," "," "," "," "," "," "," "," ",""
"West Vancouver Island","Sockeye","SEL","Park River"," ","",0,"data-deficient"," "," "," "," "," "," "," "," "," "," "," "," "," "," "," "," "," "," ",""
"West Vancouver Island","Sockeye","SEL","Power"," ","",0,"data-deficient"," "," "," "," "," "," "," "," "," "," "," "," "," "," "," "," "," "," ",""
"West Vancouver Island","Sockeye","SEL","Sproat","179,943","2016-2020",48,"good","sr","fair","0.06","99.3","0.64","good","0.1%","10.1%","89.8%"," "," "," "," "," "," ","131,255 (101,924 - 161,131)","238,738 (194,017 - 319,136)","18,366 (6,476 - 73,688)","103,375 (70,294 - 215,830)"
"West Vancouver Island","Sockeye","SEL","William-Brink"," ","",0,"data-deficient"," "," "," "," "," "," "," "," "," "," "," "," "," "," "," "," "," "," ",""
"West Vancouver Island","Sockeye","SER","West Vancouver Island (river-type)"," ","",0,"data-deficient"," "," "," "," "," "," "," "," "," "," "," "," "," "," "," "," "," "," ",""
"West Vancouver Island","Sockeye","SER","NW Vancouver Island (river-type)"," ","",0,"data-deficient"," "," "," "," "," "," "," "," "," "," "," "," "," "," "," "," "," "," ",""
"West Vancouver Island","Steelhead","SH","West Vancouver Island Winter"," ","",0,"data-deficient"," "," "," "," "," "," "," "," "," "," "," "," "," "," "," "," "," "," ",""
"West Vancouver Island","Steelhead","SH","West Vancouver Island Summer","206","2019-2023",37,"poor","absolute","poor","99.96","0.04","0"," "," "," "," "," "," "," "," "," "," ","478 (265 - 539)","893 (561 - 1,072)"," ",""
